"@E2Ksrn6qTOhn75h","Satiny Smooth by Conair Dual Foil Wet/Dry Rechargeable Shaver http://t.co/3zEoESyyhD http://t.co/pR20BcbhUy","1444820746.0"
"@alina_shaver","@IbKseniya @YanaKrasnova1 @emiliarhipenko –∫–∞–∂–¥—ã–π –≥–æ–¥ –æ–±–µ—â–∞—é, —á—Ç–æ –≤–æ–∑—å–º—É—Å—å –∑–∞ –≥–æ–ª–æ–≤—É –∏ –ø–æ–¥–Ω–∏–º—É —Å—Ä –±–∞–ª–ª","1444820708.0"
"@OzBargainComps","JSQUARED: Win 1 of 2 of The New Philips 9000 Series Electric Shavers from Shaver Shop http://t.co/SqPDV4pXUl","1444820679.0"
"@HLADeals","Braun wet/dry shaver gives you the close  cool shave without the pain of razor burn! #mens #shaving #ebay  #deals http://t.co/xmfbsgpbCl","1444820466.0"
"@Meagan__Shaver","Don't wait for the world to recognize your greatness, live it and let the world catch up to you. #happyhumpday http://t.co/fe9sHWOd2t","1444820412.0"
"@ANZ01","RT @matumoto_izumi: „Ç∑„Çß„Éº„Éê„ÉºÈñãÁô∫60Âπ¥„ÄÅ„Ç§„Ç∫„Éü„ÅÆÊñ∞„Ç∑„Çß„Éº„Éê„Éº„ÅÆÁâπË®≠„Çµ„Ç§„Éà„ÅØÂΩìÁÑ∂Ë¶ã„Å¶„ÅÑ„Åü„Å†„Åë„Åæ„Åó„Åü„Çà„Å≠Ôºü‚ô°

„Åç„Å£„Å®„ÅîÊ∫ÄË∂≥„ÅÑ„Åü„Å†„Åë„ÇãË£ΩÂìÅ„ÅåË¶ã„Å§„Åã„Çã„ÅØ„Åö„Åß„Åô(`„Éªœâ„Éª¬¥)ÔΩ∑ÔæòÔΩØ
https://t.co/NxdyORa30P 
#„Ç∑„Çß„Éº„Éê„Éº„Å®„ÅÑ„Åà„Å∞„Ç§„Ç∫„Éü ht‚Ä¶","1444820302.0"
"@Therealjhiggi","@AGoldFan Like Hanifin, even though he's a Point Shaver College guy. Just no other grit. And what was up with #11 and his NBA touchybod push","1444820290.0"
"@dhiranpnb","@amazonIN From philips Trimmer to Philips Shaver AT620...Ordered...Just because to have a stylish Stubble... #AmazonSaleDay2","1444820243.0"
"@ADVSHER37","BEAUTY DEALS #9119 : http://t.co/jgcVqyXTe9 Panasonic ES-ED90 6 in 1 Epilator, Shaver, Foot Care http://t.co/SJa9DHHKEj","1444820029.0"
"@simonemcconnel","New Panasonic Ramdash Men's 3-Blade Shaver ES-ST29-K Black | Made in Japan F/S http://t.co/Ccgg1ywDiu http://t.co/Rge6Dqm7KI","1444819776.0"
"@Shaver_007","RT @Cardinals: Join us in wishing a Happy 27th Birthday to #STLCards reliever @Maness_43! http://t.co/lk4RLvsFBB","1444819722.0"
"@eltoothbrush","Product Code: B007XK5GZ4 Rating: 4.5/5 stars List Price: $ 104.77 You Save: $ 10 Special‚Ä¶ http://t.co/oEE7akpwzE http://t.co/5RnY6mY5Uf","1444819543.0"
"@Ally_Shaver","There is no logical reason I should be up right now. I feel like I might die.","1444819542.0"
"@shaverusa","Product Code: B000NSG5RQ Rating: 4.5/5 stars List Price: $ 64.99 Discount: Save $ -34.86‚Ä¶ http://t.co/3IMLxQuo8T http://t.co/vEJYfyRRNK","1444819456.0"
"@dominatehaf","790cc Braun Series 7 9595 Pulsonic Shaver ‚Äì 3 Reasons to Buy¬†One http://t.co/CvMcZrU0C1","1444819276.0"
"@proracingus","790cc Braun Series 7 9595 Pulsonic Shaver ‚Äì 3 Reasons to Buy¬†One http://t.co/jgm9lH8Ehm","1444819273.0"
"@WeddinginHD","790cc Braun Series 7 9595 Pulsonic Shaver ‚Äì 3 Reasons to Buy¬†One http://t.co/QUvRTMFFdg","1444819271.0"
"@dedisuparman","Diskon Boteng Kemei Shaver ‚Äì Alat Cukur Kumis dan Jenggot ‚Äì¬†Cokelat http://t.co/kVkG1P3dSA http://t.co/KExabqG06W","1444819233.0"
"@tony3104310481","(o^^o)Check out this Amazon deal: Braun Series 3-340s Wet &amp; Dry Electric Shaver by Braun http://t.co/9n8vRJnWrv @amazon„Åï„Çì„Åã„Çâ","1444819156.0"
"@JUNGADM","RT @JHYNADM: shaver haven what","1444819145.0"
"@JUNGADM","RT @SHNADM: nugu shaver haven","1444819124.0"
"@SHNADM","RT @JHYNADM: shaver haven what","1444819036.0"
"@JHYNADM","shaver haven what","1444818963.0"
"@SHNADM","nugu shaver haven","1444818906.0"
"@MikeSlattery5","RT @FeconInc: The 1st hazardous fuels demo day is tomorrow in Shaver Lake, CA  http://t.co/RPEb5egv78 http://t.co/PlpVAoNiGz","1444818683.0"
"@FactoryStores","You Missed a Spot! 4 Signs You Need Replacement Heads for Your Electric #Shaver
http://t.co/nABbiBNVZe #shaving #men http://t.co/r5whlNVYyV","1444818681.0"
"@YourDealza","Beauty Tips &amp; Deals : http://t.co/VqeyyYT5ze #783 New Braun Travel Cordless Mens Electric Shaver Silver Series M9‚Ä¶ http://t.co/bvkHY4kzP5","1444818477.0"
"@LarocqueLiz","Have a great day my people!!!!
@camilaveloso_33
@DualityUnknown
@marcusdiemond
@shaver_olivia 
@DeboReconocerQ 
@ResultsTP
@paulwilsonwhite","1444818475.0"
"@paulbendall","First shaver &amp; blades arrived Monday from #ShaveKit blades are good, close shave &amp; no irritation. Like the subscription concept @shavekithq","1444818125.0"
"@tony310431041","*\(^o^)/*Check out this Amazon deal: Braun Series 3-340s Wet &amp; Dry Electric Shaver by Braun http://t.co/BoPjH9yMHw @ amazon„Åï„Çì„Åã„Çâ","1444818070.0"
"@lucas_shaver","@NorthPaw_ @Oikos hmmmmmm","1444818027.0"
"@JalanjaCom","#AlatCukurJenggot ( #Shaver ) Flyco FS711 hanya Rp.50 rb di Jalanja http://t.co/8bShtOL9Fr http://t.co/3bduOo1YKN","1444817733.0"
"@executedtoday","Bank clerk William Guest drawn on a sledge to Tyburn to hang for shaving coins 14 Oct 1767 http://t.co/QqWkgakXOd http://t.co/y6XGzHyp7n","1444817429.0"
"@schegamacario","3Pcs/Lot Replacement Shaver Head for Philips Norelco HQ3 HQ56 HQ55 HQ442 HQ300 http://t.co/Y2yR80aY02 http://t.co/DjY8hU1qqI","1444817327.0"
"@andresfabianan3","STORZ Powershaver SL Arthroscopy shaver system with 6K Handpiece 207210-20 http://t.co/0tvZIIbFRw http://t.co/t1cj8bZS49","1444817289.0"
"@tony3104310413","Ôºº(^o^)ÔºèCheck out this Amazon deal: Braun Series 3-340s Wet &amp; Dry Electric Shaver by Braun http://t.co/acyiBFURCS @amazon„Åï„Çì„Åã„Çâ","1444817226.0"
"@tori_shaver","school takes everything i have üò¥üò¥","1444817152.0"
"@fantinoardura","3Pcs/Lot Replacement Shaver Head for Philips Norelco HQ3 HQ56 HQ55 HQ442 HQ300 http://t.co/dqKhcqD4Z2 http://t.co/SdkV1EwgRD","1444816882.0"
"@katamutiara_ID","Ayo bikin es serut, es salju, es sanghai, es teler, es campur dengan Ice Shaver Portable.Klik http://t.co/9wBhDYDarm¬† pic.twitter....","1444816849.0"
"@jonathanlockim","3Pcs/Lot Replacement Shaver Head for Philips Norelco HQ3 HQ56 HQ55 HQ442 HQ300 http://t.co/t4UpkMWvJt http://t.co/LGJe7729GS","1444816728.0"
"@OrlanthaStout","3Pcs/Lot Replacement Shaver Head for Philips Norelco HQ3 HQ56 HQ55 HQ442 HQ300 http://t.co/NWbywi5Gsl http://t.co/rVzqs8Ugd0","1444816722.0"
"@flavioblancos","3Pcs/Lot Replacement Shaver Head for Philips Norelco HQ3 HQ56 HQ55 HQ442 HQ300 http://t.co/Gl7CdEH7H7 http://t.co/f0D3crDhhU","1444816643.0"
"@AllardOrva","3Pcs/Lot Replacement Shaver Head for Philips Norelco HQ3 HQ56 HQ55 HQ442 HQ300 http://t.co/j9RGmZ53lv http://t.co/2broUqW05N","1444816626.0"
"@filibertobejara","3Pcs/Lot Replacement Shaver Head for Philips Norelco HQ3 HQ56 HQ55 HQ442 HQ300 http://t.co/VwreYKFBCd http://t.co/pb287fdo8o","1444816617.0"
"@flavianobernat","3Pcs/Lot Replacement Shaver Head for Philips Norelco HQ3 HQ56 HQ55 HQ442 HQ300 http://t.co/GKfbWnTcUv http://t.co/0R7oUIaUUt","1444816594.0"
"@flamibenit","3Pcs/Lot Replacement Shaver Head for Philips Norelco HQ3 HQ56 HQ55 HQ442 HQ300 http://t.co/dDaJoVjgKF http://t.co/pDiHNvwvwK","1444816592.0"
"@ErwinHussey","3Pcs/Lot Replacement Shaver Head for Philips Norelco HQ3 HQ56 HQ55 HQ442 HQ300 http://t.co/uuNrgApHSE http://t.co/Mn6IRA3Gor","1444816590.0"
"@filabello","3Pcs/Lot Replacement Shaver Head for Philips Norelco HQ3 HQ56 HQ55 HQ442 HQ300 http://t.co/iZPk4vcT9c http://t.co/3Atc1NpPTD","1444816589.0"
"@felixbalcaz","3Pcs/Lot Replacement Shaver Head for Philips Norelco HQ3 HQ56 HQ55 HQ442 HQ300 http://t.co/ZCKxAZ2lZ6 http://t.co/fomEaRPDcL","1444816589.0"
"@BithellKayla","3Pcs/Lot Replacement Shaver Head for Philips Norelco HQ3 HQ56 HQ55 HQ442 HQ300 http://t.co/51TjTy23iZ http://t.co/12qnWCHkT0","1444816570.0"
"@ErrolWaterman","3Pcs/Lot Replacement Shaver Head for Philips Norelco HQ3 HQ56 HQ55 HQ442 HQ300 http://t.co/jnQkaxPqOS http://t.co/vzR9xS2U0Y","1444816566.0"
"@khusyaiirie","Shaver ? Lol much üòÇüòÇüòÇ https://t.co/siYRE7HCDI","1444816535.0"
"@fedorarred","3Pcs/Lot Replacement Shaver Head for Philips Norelco HQ3 HQ56 HQ55 HQ442 HQ300 http://t.co/lHHS72JXo0 http://t.co/r1uk012MZa","1444816528.0"
"@smithmagin1","3Pcs/Lot Replacement Shaver Head for Philips Norelco HQ3 HQ56 HQ55 HQ442 HQ300 http://t.co/fa4sHXMFJW http://t.co/UU4JQV52fD","1444816520.0"
"@ferdinandobilar","3Pcs/Lot Replacement Shaver Head for Philips Norelco HQ3 HQ56 HQ55 HQ442 HQ300 http://t.co/2MzOPsFG02 http://t.co/a73KG5gkNT","1444816514.0"
"@serranomadox","3Pcs/Lot Replacement Shaver Head for Philips Norelco HQ3 HQ56 HQ55 HQ442 HQ300 http://t.co/J7n4y184QE http://t.co/lJPhIlvLrZ","1444816504.0"
"@sordomalaquias","3Pcs/Lot Replacement Shaver Head for Philips Norelco HQ3 HQ56 HQ55 HQ442 HQ300 http://t.co/ZRY7HQkhba http://t.co/f1IUXUgrkn","1444816486.0"
"@sotamalco","3Pcs/Lot Replacement Shaver Head for Philips Norelco HQ3 HQ56 HQ55 HQ442 HQ300 http://t.co/KzPiGXafyX http://t.co/6hW3tWlU7B","1444816480.0"
"@sentiesmacedon5","3Pcs/Lot Replacement Shaver Head for Philips Norelco HQ3 HQ56 HQ55 HQ442 HQ300 http://t.co/hMgsZ0rESF http://t.co/xHYRyCmr0b","1444816408.0"
"@sobrinomahoma","3Pcs/Lot Replacement Shaver Head for Philips Norelco HQ3 HQ56 HQ55 HQ442 HQ300 http://t.co/vZnbWBbZ0W http://t.co/9n9Ngb62Dw","1444816404.0"
"@faraon_ar","3Pcs/Lot Replacement Shaver Head for Philips Norelco HQ3 HQ56 HQ55 HQ442 HQ300 http://t.co/EMntboKdfh http://t.co/V46CqiMErw","1444816350.0"
"@EgilSymonds","3Pcs/Lot Replacement Shaver Head for Philips Norelco HQ3 HQ56 HQ55 HQ442 HQ300 http://t.co/HpSse0obeU http://t.co/1jqSLNbnAd","1444816256.0"
"@LaverRebecca","3Pcs/Lot Replacement Shaver Head for Philips Norelco HQ3 HQ56 HQ55 HQ442 HQ300 http://t.co/F3nU34Dagz http://t.co/il92pEBQDy","1444816243.0"
"@linford_kyle","3Pcs/Lot Replacement Shaver Head for Philips Norelco HQ3 HQ56 HQ55 HQ442 HQ300 http://t.co/fVi9Zi186S http://t.co/zRFQBgxVRP","1444816243.0"
"@louis_mohan","3Pcs/Lot Replacement Shaver Head for Philips Norelco HQ3 HQ56 HQ55 HQ442 HQ300 http://t.co/MJcoufltzp http://t.co/2nUwsblwPV","1444816157.0"
"@care_personal","Brown Shaver Series 9 [washable type Bathing shaving correspondence] 9040s http://t.co/vO6417BQnC #health http://t.co/oJV6f1T37Y","1444816136.0"
"@geraldi51725701","3Pcs/Lot Replacement Shaver Head for Philips Norelco HQ3 HQ56 HQ55 HQ442 HQ300 http://t.co/L2wvrQyiec http://t.co/lxeEhCWd2X","1444816074.0"
"@BuchanFlora","3Pcs/Lot Replacement Shaver Head for Philips Norelco HQ3 HQ56 HQ55 HQ442 HQ300 http://t.co/lsE3XQGl4t http://t.co/6jGv7XOCSQ","1444816045.0"
"@solar_shaver","@marinanekrylova –Ω—É –∫–æ–Ω–µ—á–Ω–æ","1444815960.0"
"@sam_shaver","Please help support Breast Cancer Awareness, add a #Twibbon now! http://t.co/zIK7A4Q9jZ","1444815936.0"
"@marinanekrylova","@solar_shaver —Ü–µ–ª—É—é?","1444815635.0"
"@tony3104310481","(^-^)Check out this Amazon deal: Braun Series 3-340s Wet &amp; Dry Electric Shaver by Braun http://t.co/9n8vRJnWrv @amazon„Åï„Çì„Åã„Çâ","1444815556.0"
"@solar_shaver","@marinanekrylova üëçüëç —è —É–∂–µ —à–æ–∫–æ–ª–∞–¥–∫—É —Å–∫—É—à–∞–ª–∞","1444815400.0"
"@SalmonLuther","Norelco AT811 Mens Series 4000 PowerTouch Washable Shaver W/ Anti-Slip Grip New http://t.co/RaPr9FpbFP http://t.co/raspjicSzk","1444815394.0"
"@jan_dembowski","@lilydembowski *cough* Electric shaver *COUGH!* #adultsupervision","1444815263.0"
"@WMNewsLive","A Portage man is hospitalized after being hit by a car while crossing South Westnedge Avenue at Shaver Road.
¬†¬†¬†¬†¬†¬†¬†¬† http://t.co/QuSBj2Xvab","1444815254.0"
"@gonzalezbasili4","Original Philips Norelco Cordless Electric Shaver Charger With Cradle 1050x http://t.co/7rA4hXBQDz http://t.co/6kR1SWK1j2","1444815216.0"
"@naufalnabihwina","RT @kata2bijak: Ayo bikin es serut, es salju, es sanghai, es teler, es campur dengan Ice Shaver Portable.Klik http://t.co/qsZNMqP0Uy http:/‚Ä¶","1444815085.0"
"@marinanekrylova","@solar_shaver —Å–∫—É—à–∞–π –±—É–ª–æ—á–∫—É","1444815059.0"
"@iinTzuhra","RT @kata2bijak: Ayo bikin es serut, es salju, es sanghai, es teler, es campur dengan Ice Shaver Portable.Klik http://t.co/qsZNMqP0Uy http:/‚Ä¶","1444815039.0"
"@JalanjaCom","#AlatCukurJenggot ( #Shaver ) Flyco FS711 hanya Rp.50 rb di Jalanja http://t.co/4o4lqf2ppx http://t.co/VZNWdVaFbH","1444815027.0"
"@CourtneyCaroli2","Not singular shaver gondola that receipts quite shavers: tdEvOd","1444814935.0"
"@lyn_fragan","Original Philips Norelco Cordless Electric Shaver Charger With Cradle 1050x http://t.co/sAdFQETTRF http://t.co/J2x2ICZGl0","1444814866.0"
"@gallegobalder3","Original Philips Norelco Cordless Electric Shaver Charger With Cradle 1050x http://t.co/GhBAQFsoH8 http://t.co/LUO0sa2lyK","1444814858.0"
"@safeloving","KAIRUI KS-9300 3-Head Washable Rechargeable Wet and Dry Cordless Shaver Razor (Blue) http://t.co/GJVEammhQc #ad #fertilitytest","1444814706.0"
"@dhiranpnb","@amazonIN  From philips Trimmer to Philips Shaver AT620...Ordered...Just because to have a stylish Stubble... #AmazonSaleDay2","1444814698.0"
"@ferrariaurelia5","Original Philips Norelco Cordless Electric Shaver Charger With Cradle 1050x http://t.co/SKb0EAcU5W http://t.co/gcp2d8h7Z9","1444814683.0"
"@dhiranpnb","@amazonIN From philips Trimmer to Philips Shaver AT620...Ordered...Just because to have a stylish Stubble... #AmazonSaleDay2","1444814680.0"
"@bertinincera","Original Philips Norelco Cordless Electric Shaver Charger With Cradle 1050x http://t.co/dKxRsZkJOJ http://t.co/Jtq1FPeKv9","1444814651.0"
"@dhiranpnb","@amazonIN @amazonIN From philips Trimmer to Philips Shaver AT620...Ordered...Just because to have a stylish Stubble... #AmazonSaleDay2","1444814647.0"
"@dhiranpnb","@amazonIN @amazonIN From philips Trimmer to Philips Shaver AT620...Ordered...Just because to have a stylish Stubble... #AmazonSaleDay2","1444814625.0"
"@dhiranpnb","@amazonIN  From philips Trimmer to Philips Shaver AT620...Ordered...Just because to have a stylish Stubble... #AmazonSaleDay2","1444814562.0"
"@dhiranpnb","@amazonIN From philips Trimmer to Philips Shaver AT620...Ordered...Just because to have a stylish Stubble... #AmazonSaleDay2","1444814478.0"
"@solar_shaver","@marinanekrylova –Ω–µ, –ø—Ä–æ—Å—Ç–æ —É–∂–∞—Å–Ω–æ–µ –Ω–∞—Å—Ç—Ä–æ–µ–Ω–∏–µ","1444814464.0"
"@teragenus","When you have to shave but the shaver isn't charged and keeps dying on you üå∏üå∏üå∏üå∏üå∏üå∏üå∏üå∏üî´","1444814410.0"
"@hernandezbened5","Original Philips Norelco Cordless Electric Shaver Charger With Cradle 1050x http://t.co/IFXv2HKW5Q http://t.co/IlE5CVICve","1444814193.0"
"@nehaparmar88","Entered to win @braun series 3 shaver worth ¬£139.99 on @honestmummy's blog: http://t.co/8jPjIz2uBC http://t.co/89LADuBrtX","1444814149.0"
"@gaxiolabarry4","Original Philips Norelco Cordless Electric Shaver Charger With Cradle 1050x http://t.co/w2WxXRmesO http://t.co/rNss9YFcRl","1444814126.0"
"@Shynstrmn998","#ScamAlert? Stunning laser shaver banned on Kickstarter after closing $4M mark http://t.co/fR2nbF3ess http://t.co/Ihuvt9Nswm","1444814003.0"
"@Mei_Megifi","RT @kata2bijak: Ayo bikin es serut, es salju, es sanghai, es teler, es campur dengan Ice Shaver Portable.Klik http://t.co/qsZNMqP0Uy http:/‚Ä¶","1444813939.0"
"@tepungterigu_id","http://t.co/p0SVAeLLjr Ayo bikin es serut, es salju, es sanghai, es teler, es campur dengan Ice Shaver Portable.Klik http‚Ä¶","1444813891.0"
"@Shoaib_q","@ymcofficial Alonso: Eric, somebody stole my shaver.
Eric: I don't know, even I haven't shaved for weeks.","1444813382.0"
"@sehatcantik","Ayo bikin es serut, es salju, es sanghai, es teler, es campur dengan Ice Shaver Portable.Klik http://t.co/P2uHXEBTCp http://t.co/RU9xo7xBdk","1444813363.0"
"@kata2bijak","Ayo bikin es serut, es salju, es sanghai, es teler, es campur dengan Ice Shaver Portable.Klik http://t.co/qsZNMqP0Uy http://t.co/XxCtbU41QK","1444813363.0"
"@kakinuma_y","RT @matumoto_izumi: „Ç∑„Çß„Éº„Éê„ÉºÈñãÁô∫60Âπ¥„ÄÅ„Ç§„Ç∫„Éü„ÅÆÊñ∞„Ç∑„Çß„Éº„Éê„Éº„ÅÆÁâπË®≠„Çµ„Ç§„Éà„ÅØÂΩìÁÑ∂Ë¶ã„Å¶„ÅÑ„Åü„Å†„Åë„Åæ„Åó„Åü„Çà„Å≠Ôºü‚ô°

„Åç„Å£„Å®„ÅîÊ∫ÄË∂≥„ÅÑ„Åü„Å†„Åë„ÇãË£ΩÂìÅ„ÅåË¶ã„Å§„Åã„Çã„ÅØ„Åö„Åß„Åô(`„Éªœâ„Éª¬¥)ÔΩ∑ÔæòÔΩØ
https://t.co/NxdyORa30P 
#„Ç∑„Çß„Éº„Éê„Éº„Å®„ÅÑ„Åà„Å∞„Ç§„Ç∫„Éü ht‚Ä¶","1444813059.0"
"@kurodasei112","RT @matumoto_izumi: „Ç∑„Çß„Éº„Éê„ÉºÈñãÁô∫60Âπ¥„ÄÅ„Ç§„Ç∫„Éü„ÅÆÊñ∞„Ç∑„Çß„Éº„Éê„Éº„ÅÆÁâπË®≠„Çµ„Ç§„Éà„ÅØÂΩìÁÑ∂Ë¶ã„Å¶„ÅÑ„Åü„Å†„Åë„Åæ„Åó„Åü„Çà„Å≠Ôºü‚ô°

„Åç„Å£„Å®„ÅîÊ∫ÄË∂≥„ÅÑ„Åü„Å†„Åë„ÇãË£ΩÂìÅ„ÅåË¶ã„Å§„Åã„Çã„ÅØ„Åö„Åß„Åô(`„Éªœâ„Éª¬¥)ÔΩ∑ÔæòÔΩØ
https://t.co/NxdyORa30P 
#„Ç∑„Çß„Éº„Éê„Éº„Å®„ÅÑ„Åà„Å∞„Ç§„Ç∫„Éü ht‚Ä¶","1444812995.0"
"@IMHO_my_blog","Zeny Ice Shaver Snow Cone Machine Review #sponsored http://t.co/d22AcBLiAh http://t.co/VMgJ8oSH4f","1444812986.0"
"@worksalotathome","Zeny Ice Shaver Snow Cone Machine Review #sponsored http://t.co/y0S6qodqnF http://t.co/3jbmD0RW2Z","1444812983.0"
"@tsmith61008","Zeny Ice Shaver Snow Cone Machine Review #sponsored http://t.co/87hdsgPaoE http://t.co/QLxxob0VWE","1444812982.0"
"@jolly5610","RT @matumoto_izumi: „Ç∑„Çß„Éº„Éê„ÉºÈñãÁô∫60Âπ¥„ÄÅ„Ç§„Ç∫„Éü„ÅÆÊñ∞„Ç∑„Çß„Éº„Éê„Éº„ÅÆÁâπË®≠„Çµ„Ç§„Éà„ÅØÂΩìÁÑ∂Ë¶ã„Å¶„ÅÑ„Åü„Å†„Åë„Åæ„Åó„Åü„Çà„Å≠Ôºü‚ô°

„Åç„Å£„Å®„ÅîÊ∫ÄË∂≥„ÅÑ„Åü„Å†„Åë„ÇãË£ΩÂìÅ„ÅåË¶ã„Å§„Åã„Çã„ÅØ„Åö„Åß„Åô(`„Éªœâ„Éª¬¥)ÔΩ∑ÔæòÔΩØ
https://t.co/NxdyORa30P 
#„Ç∑„Çß„Éº„Éê„Éº„Å®„ÅÑ„Åà„Å∞„Ç§„Ç∫„Éü ht‚Ä¶","1444812837.0"
"@PaigeClark4674","#ScamAlert? Stunning laser shaver banned on Kickstarter after closing $4M mark http://t.co/a5EaKD5aIc http://t.co/iEwP15Vb2t","1444812782.0"
"@metabo_oyaji","RT @matumoto_izumi: „Ç∑„Çß„Éº„Éê„ÉºÈñãÁô∫60Âπ¥„ÄÅ„Ç§„Ç∫„Éü„ÅÆÊñ∞„Ç∑„Çß„Éº„Éê„Éº„ÅÆÁâπË®≠„Çµ„Ç§„Éà„ÅØÂΩìÁÑ∂Ë¶ã„Å¶„ÅÑ„Åü„Å†„Åë„Åæ„Åó„Åü„Çà„Å≠Ôºü‚ô°

„Åç„Å£„Å®„ÅîÊ∫ÄË∂≥„ÅÑ„Åü„Å†„Åë„ÇãË£ΩÂìÅ„ÅåË¶ã„Å§„Åã„Çã„ÅØ„Åö„Åß„Åô(`„Éªœâ„Éª¬¥)ÔΩ∑ÔæòÔΩØ
https://t.co/NxdyORa30P 
#„Ç∑„Çß„Éº„Éê„Éº„Å®„ÅÑ„Åà„Å∞„Ç§„Ç∫„Éü ht‚Ä¶","1444812741.0"
"@rosemary_sexton","Braun Series 7 790cc-4 Cord/Cordless Rechargeable  Men's Electric Shaver http://t.co/NsFiUCpmh3 http://t.co/r4Mrx3MMLE","1444812720.0"
"@marinanekrylova","@solar_shaver —Ç–æ–∂–µ —Å–∫—É—á–∞–µ—à—å –ø–æ–∫–∞ –≤ —ç—Ç–æ—Ç –≤—ã—Ö–æ–¥–Ω–æ–π?","1444812655.0"
"@Rina6925","#ScamAlert? Stunning laser shaver banned on Kickstarter after closing $4M mark http://t.co/rXBbHgLOCy http://t.co/PeGa6f1vWy","1444812501.0"
"@naqib_shahrum","RT @Nasri_Rozi: Ini kalau pakai shaver pon jahanam shaver üòÇüòÇüòÇ silap2 bila peluk pon brdarah bai member","1444812498.0"
"@Nasri_Rozi","Ini kalau pakai shaver pon jahanam shaver üòÇüòÇüòÇ silap2 bila peluk pon brdarah bai member","1444812489.0"
"@yuukibnr34","RT @matumoto_izumi: „Ç∑„Çß„Éº„Éê„ÉºÈñãÁô∫60Âπ¥„ÄÅ„Ç§„Ç∫„Éü„ÅÆÊñ∞„Ç∑„Çß„Éº„Éê„Éº„ÅÆÁâπË®≠„Çµ„Ç§„Éà„ÅØÂΩìÁÑ∂Ë¶ã„Å¶„ÅÑ„Åü„Å†„Åë„Åæ„Åó„Åü„Çà„Å≠Ôºü‚ô°

„Åç„Å£„Å®„ÅîÊ∫ÄË∂≥„ÅÑ„Åü„Å†„Åë„ÇãË£ΩÂìÅ„ÅåË¶ã„Å§„Åã„Çã„ÅØ„Åö„Åß„Åô(`„Éªœâ„Éª¬¥)ÔΩ∑ÔæòÔΩØ
https://t.co/NxdyORa30P 
#„Ç∑„Çß„Éº„Éê„Éº„Å®„ÅÑ„Åà„Å∞„Ç§„Ç∫„Éü ht‚Ä¶","1444812303.0"
"@matumoto_izumi","„Ç∑„Çß„Éº„Éê„ÉºÈñãÁô∫60Âπ¥„ÄÅ„Ç§„Ç∫„Éü„ÅÆÊñ∞„Ç∑„Çß„Éº„Éê„Éº„ÅÆÁâπË®≠„Çµ„Ç§„Éà„ÅØÂΩìÁÑ∂Ë¶ã„Å¶„ÅÑ„Åü„Å†„Åë„Åæ„Åó„Åü„Çà„Å≠Ôºü‚ô°

„Åç„Å£„Å®„ÅîÊ∫ÄË∂≥„ÅÑ„Åü„Å†„Åë„ÇãË£ΩÂìÅ„ÅåË¶ã„Å§„Åã„Çã„ÅØ„Åö„Åß„Åô(`„Éªœâ„Éª¬¥)ÔΩ∑ÔæòÔΩØ
https://t.co/NxdyORa30P 
#„Ç∑„Çß„Éº„Éê„Éº„Å®„ÅÑ„Åà„Å∞„Ç§„Ç∫„Éü http://t.co/KrW3AOh0VP","1444812290.0"
"@Vishalkalia2","@amazonIN 
I'd like to upgrade from trimmer to shaver!
As my trimmer has grown old and it only pampers my beard now.... #AmazonSaleDay2","1444812282.0"
"@Concetta242022","#ScamAlert? Stunning laser shaver banned on Kickstarter after closing $4M mark http://t.co/cnDOPeB9Ux http://t.co/oiEU3tj9Em","1444812156.0"
"@forcenayax","Replacement Head for Philips Norelco RQ10 Arcitec Razor Shaver Unit Triple Track http://t.co/MYvGiaJm1R http://t.co/dMPeCkGfOF","1444811625.0"
"@MriEdwrds36","#ScamAlert? Stunning laser shaver banned on Kickstarter after closing $4M mark http://t.co/29iX3TNThx http://t.co/0rnlvXvj8o","1444811478.0"
"@eliseotecleo","Replacement Head for Philips Norelco RQ10 Arcitec Razor Shaver Unit Triple Track http://t.co/pg4ngfii6R http://t.co/PIlP9G53fF","1444811473.0"
"@sandrotame","Replacement Head for Philips Norelco RQ10 Arcitec Razor Shaver Unit Triple Track http://t.co/zhc5aWSQ4u http://t.co/qeVqrJ6eJE","1444811446.0"
"@DanielsDouglas1","Learn about off if philips norelco 1290x shaver is put in tune remedial of yourself!: mDQ","1444811435.0"
"@fuentebaco","Replacement Head for Philips Norelco RQ10 Arcitec Razor Shaver Unit Triple Track http://t.co/khGslrxMnO http://t.co/yLjPci2QTv","1444811427.0"
"@solar_shaver","#badmood http://t.co/s1ljNQFCeC","1444811361.0"
"@sordoeli","Replacement Head for Philips Norelco RQ10 Arcitec Razor Shaver Unit Triple Track http://t.co/JWlVo5exLN http://t.co/8bl12uJnRw","1444811357.0"
"@eleodosob","Replacement Head for Philips Norelco RQ10 Arcitec Razor Shaver Unit Triple Track http://t.co/JJEIcaFC8c http://t.co/CSKjeAExze","1444811352.0"
"@berardohy","Replacement Head for Philips Norelco RQ10 Arcitec Razor Shaver Unit Triple Track http://t.co/YqdQ2Spi98 http://t.co/mmlka6cEkZ","1444811350.0"
"@eliansota","Replacement Head for Philips Norelco RQ10 Arcitec Razor Shaver Unit Triple Track http://t.co/UQHRKL0I3S http://t.co/JyoTVgxhje","1444811347.0"
"@erne_vic","Replacement Head for Philips Norelco RQ10 Arcitec Razor Shaver Unit Triple Track http://t.co/9uKK8CfBlM http://t.co/9PY6yqWHI9","1444811282.0"
"@pinecustodi","Replacement Head for Philips Norelco RQ10 Arcitec Razor Shaver Unit Triple Track http://t.co/iwHlZ315UR http://t.co/nOgAKbbkBl","1444811265.0"
"@enochvall","Replacement Head for Philips Norelco RQ10 Arcitec Razor Shaver Unit Triple Track http://t.co/XYOWu3oKPu http://t.co/NAVT7ewHdk","1444811215.0"
"@dardpue","Replacement Head for Philips Norelco RQ10 Arcitec Razor Shaver Unit Triple Track http://t.co/tvChkf2Z3S http://t.co/4IaeZ3p1R7","1444811215.0"
"@danipried","Replacement Head for Philips Norelco RQ10 Arcitec Razor Shaver Unit Triple Track http://t.co/7uiaa6zXWV http://t.co/22Wio5yhxq","1444811143.0"
"@crisogped","Replacement Head for Philips Norelco RQ10 Arcitec Razor Shaver Unit Triple Track http://t.co/IfMFGM08WH http://t.co/xmtjOsXHED","1444811142.0"
"@herrerobenigno3","Replacement Head for Philips Norelco RQ10 Arcitec Razor Shaver Unit Triple Track http://t.co/Eehm61gVpf http://t.co/wCY2CZeopi","1444811029.0"
"@hernandezbened5","Replacement Head for Philips Norelco RQ10 Arcitec Razor Shaver Unit Triple Track http://t.co/QJnRmtP24Q http://t.co/K01toKU33c","1444811026.0"
"@goyenechebaudi5","Replacement Head for Philips Norelco RQ10 Arcitec Razor Shaver Unit Triple Track http://t.co/QPDNW7we5p http://t.co/LjpkkD8cNJ","1444811025.0"
"@gradbautista","Replacement Head for Philips Norelco RQ10 Arcitec Razor Shaver Unit Triple Track http://t.co/LfgCNqbPPe http://t.co/zh07hskmqt","1444810977.0"
"@solar_shaver","http://t.co/uyt8xSVwsO","1444810959.0"
"@solar_shaver","@soul_ru –∞—Ö–∞—Ö–∞—Ö—Ö–∞—Ö–∞—Ö–∞","1444810899.0"
"@Cutler111","@Jacob_B_Shaver yes, the rise of @BernieSanders (to the top after last night) should be all over the major homepages--not seeing it","1444810846.0"
"@crescenpal","Replacement Head for Philips Norelco RQ10 Arcitec Razor Shaver Unit Triple Track http://t.co/oECuuVmiAT http://t.co/766UfdldYf","1444810842.0"
"@elviotol","Replacement Head for Philips Norelco RQ10 Arcitec Razor Shaver Unit Triple Track http://t.co/65e9ZrCLbm http://t.co/Rv4iB4sFQD","1444810841.0"
"@confolal","Replacement Head for Philips Norelco RQ10 Arcitec Razor Shaver Unit Triple Track http://t.co/BQQv1n2Q0k http://t.co/UyMRyjTCUu","1444810838.0"
"@elmel_tel","Replacement Head for Philips Norelco RQ10 Arcitec Razor Shaver Unit Triple Track http://t.co/Ugsh0xJJjq http://t.co/rxLc9PAQ5I","1444810795.0"
"@HowdenEva","Cello pegs tools,cello PEG HOLE REAMER,Cello PEG SHAVER http://t.co/c2n4rDAmpC http://t.co/7SsMNBayMt","1444810695.0"
"@cidmolinacid","Replacement Head for Philips Norelco RQ10 Arcitec Razor Shaver Unit Triple Track http://t.co/Xmi0CnK9Oj http://t.co/d9sq2CfBdq","1444810644.0"
"@lyn_fragan","Replacement Head for Philips Norelco RQ10 Arcitec Razor Shaver Unit Triple Track http://t.co/mffRlZyKYr http://t.co/qPUwmrlSJu","1444810636.0"
"@penalvacrisost5","Replacement Head for Philips Norelco RQ10 Arcitec Razor Shaver Unit Triple Track http://t.co/CLUqDIrB8c http://t.co/Jk5GW0qa5W","1444810588.0"
"@ciceronmogroj","Replacement Head for Philips Norelco RQ10 Arcitec Razor Shaver Unit Triple Track http://t.co/5f2ssvrI6F http://t.co/NPtWcq6OnB","1444810580.0"
"@Rachnasharma163","@amazonIN I want to Upgrade my Hubby's Shaver to new Philips Aquatouch as he spend more time on shaving than talk with me   #AmazonSaleDay2","1444810556.0"
"@fabregasatilio3","Replacement Head for Philips Norelco RQ10 Arcitec Razor Shaver Unit Triple Track http://t.co/4E7KYeLb8t http://t.co/s14n5KfErw","1444810471.0"
"@fareauberto4","Replacement Head for Philips Norelco RQ10 Arcitec Razor Shaver Unit Triple Track http://t.co/rOLShopdhB http://t.co/aIeB06qdOH","1444810445.0"
"@celemestas","Replacement Head for Philips Norelco RQ10 Arcitec Razor Shaver Unit Triple Track http://t.co/iCYHsI7MKd http://t.co/2kmRIaZqZd","1444810437.0"
"@estef_yan","Replacement Head for Philips Norelco RQ10 Arcitec Razor Shaver Unit Triple Track http://t.co/0f28AdY7PS http://t.co/0oJu4ACPY5","1444810437.0"
"@solar_shaver","—à–æ–∫–æ–ª–∞–¥ —Å —Å—É–ª—É–≥—É–Ω–∏ - –∫–æ–≥–¥–∞ –ø–ª–æ—Ö–æ (@ –í—Å—ë—Ä–∞–≤–Ω–æ—Å—é–¥–∞–ø–µ—Ä–µ–µ–¥—Éüè†/–¥–æ–º–∞ —É –∑–∞–∏üíú - @death_in_mind in –•–∞—Ä—å–∫–æ–≤) https://t.co/CgYwFqNgtg","1444810391.0"
"@CharlotteCalh10","Affusion gifts--whichever in brave the shaver: QvBrpC","1444810383.0"
"@tonytony310410","( ^œâ^ )Check out this Amazon deal: Braun Series 3-340s Wet &amp; Dry Electric Shaver by Braun http://t.co/EuK3JNXZQA via @amazon","1444810188.0"
"@parkmaelaa","RT @JE0NBYUN: Jungkook: I used his shaver without him knowing.
Jimin: Do you know you're handsome?","1444810161.0"
"@JE0NBYUN","Jungkook: I used his shaver without him knowing.
Jimin: Do you know you're handsome?","1444810130.0"
"@clemorot","Philips 6500 Norelco SensoTouch 2D Electric Shaver/ Razor 1160X/40KH Wet/Dry NEW http://t.co/E6anaIFQuU http://t.co/GEGvlttZ4l","1444810068.0"
"@Doligha_619","BEAUTY DAILY DEALS : http://t.co/A6V6FSH6Zo #8173 iLuminage Beauty Elos Touch Hair Removal Device w/ Shaver, Epil‚Ä¶ http://t.co/yel0PH7ovb","1444809972.0"
"@wh0resmo4n","I wanted to shave this morning and my shaver's head broke off and the whole thing just fell apart so clearly it wasn't meant to happen","1444809898.0"
"@SCECWxSTEM","Cloud Camera movie 2015-10-13 at Shaver's Creek

https://t.co/FiRKRgnp6Z","1444809781.0"
"@shaver_eric","7 people followed me and one person unfollowed me // automatically checked by http://t.co/O4xiUeAxoG","1444809685.0"
"@SriSri555","@PanasonicIndia I am big fan of Panasonic,try to find a switch for my shaver &amp; don't break my heart for panasonic","1444809419.0"
"@SriSri555","@PanasonicIndia is searching for a old switch,as Panasonic is not making this kind of http://t.co/gCCPWA5mnD to find a switch for my shaver","1444809336.0"
"@HannPhillips1","#ScamAlert? Stunning laser shaver banned on Kickstarter after closing $4M mark http://t.co/iKnmXeLHsB http://t.co/6b0lMAZ7Rc","1444809188.0"
"@SriSri555","@PanasonicIndia bought Panasonic electric shaver model ES7111 in 2009 in big bazaar ,palakkad,Kerala.now on/off switch damaged.gave it to","1444809140.0"
"@hobahoveilen","Shaver Merk: Antha Omg: West Friesland Prijs: 6.000,00 - http://t.co/52lxQUxjeB","1444809002.0"
"@Yuanxing_Sama","I should get a razor blade shaver","1444808968.0"
"@Toutry_829","BEAUTY NEWS &gt; http://t.co/stJJR4Rdmp #54372 Philips Norelco PT724/46 Shaver 3100 Men's Care grooming Beard Electr‚Ä¶ http://t.co/ImPOorJww5","1444808918.0"
"@Toutry_829","BEAUTY NEWS &gt; http://t.co/TXnpaXOy2d #54372 Panasonic Arc Iv Wet And Dry Shaver Health 4 Blades Rechargeable Pivo‚Ä¶ http://t.co/lFV0jWSX1i","1444808918.0"
"@Toutry_829","BEAUTY NEWS &gt; http://t.co/GPPYnT9YOM #54372 Men's Electric Back Shaver Mangroomer Pro Shave Shaving Wax Waxing Bo‚Ä¶ http://t.co/2VVS6iUi6Y","1444808916.0"
"@Toutry_829","BEAUTY NEWS &gt; http://t.co/itixQxtFLF #54372 Philips S9111 Series 9000 Electric Shaver VTrack Prevision Wet&amp;Dry_10‚Ä¶ http://t.co/6ATeJZpzKZ","1444808914.0"
"@Toutry_829","BEAUTY NEWS &gt; http://t.co/4rFKrKaD9f #54372 New BRAUN Men's Shaver Series 9 9095CC Skin care Body Beauty Laser #4‚Ä¶ http://t.co/4dKUpcl0bz","1444808914.0"
"@Toutry_829","BEAUTY NEWS &gt; http://t.co/DkJDv1mfDl #54372 10x 2 in 1 Shaver Razor Body Nose Hair Remover trimmer Body Groomer B‚Ä¶ http://t.co/76zAgVL5Pf","1444808913.0"
"@SriSri555","@PanasonicInNews bought electric shaver ES7111 model in big bazaar,palakkad,Kerala in 2009.on/off switch not working now.gave it to repair","1444808765.0"
"@McgroryPansy","Women Electronic Hair Remover Shaver Personal Automatic Epilator Razor 8ZF1 http://t.co/X4Tzy5jDnA http://t.co/PF5MR5lgSL","1444808528.0"
"@McgroryPansy","Women Electronic Hair Remover Shaver Personal Reciprocating Epilator Razor 8ZE9 http://t.co/MCKuaxxMMu http://t.co/OetdJTenHX","1444808525.0"
"@McgroryPansy","Women Electronic Hair Remover Shaver  Automatic DIY Epilator Razor New 8ZE8 http://t.co/1BVhbOGfr7 http://t.co/UlFbuaE9D9","1444808522.0"
"@McgroryPansy","Women Electronic Hair Remover Shaver Personal Reciprocating Multifunction 8YX8 http://t.co/tGAxMu6NO5 http://t.co/SeYP9Nn7a3","1444808519.0"
"@CourtneyCaroli2","Handy shaver stick that make amends omniscient shavers: CZpcXa","1444808335.0"
"@flate_fjyr","HOT DEALS &gt;&gt; http://t.co/B1qeWA1erT #7227 New BRAUN Men's Shaver Series 9 9095CC Skin care Body Beauty Laser http://t.co/nHOdoRubrk","1444808170.0"
"@flate_fjyr","HOT DEALS &gt;&gt; http://t.co/fmHa6uHkcL #7227 Men's Electric Back Shaver Mangroomer Pro Shave Shaving Wax Waxing Body‚Ä¶ http://t.co/huMCuj3kfW","1444808168.0"
"@flate_fjyr","HOT DEALS &gt;&gt; http://t.co/wA3HTRIej0 #7227 Panasonic ES-LV96 Ram Dash Men's Shaver 5-Blade Japan Hokkaido men's be‚Ä¶ http://t.co/JbsHDtkqn4","1444808167.0"
"@flate_fjyr","HOT DEALS &gt;&gt; http://t.co/eWOvKYjU5p #7227 Philips Norelco Shaver 4100 (Model AT810/41) Men's Care grooming Beard ‚Ä¶ http://t.co/gmKMW9EDIe","1444808166.0"
"@flate_fjyr","HOT DEALS &gt;&gt; http://t.co/wQJkoWnY73 #7227 Back Hair Shaver Mens Grooming Personal Care Do It Yourself Professiona‚Ä¶ http://t.co/TtJRJI4l3z","1444808164.0"
"@flate_fjyr","HOT DEALS &gt;&gt; http://t.co/bcudmSvCTv #7227 Panasonic Arc Iv Wet And Dry Shaver Health 4 Blades Rechargeable Pivoti‚Ä¶ http://t.co/K36v06rRTg","1444808163.0"
"@flate_fjyr","HOT DEALS &gt;&gt; http://t.co/1DRYdb7zr0 #7227 Philips Norelco PT724/46 Shaver 3100 Men's Care grooming Beard Electric‚Ä¶ http://t.co/0jhu3QDJuG","1444808163.0"
"@flate_fjyr","HOT DEALS &gt;&gt; http://t.co/pl0r6FvpuS #7227 10X 2in1 Shaver Razor Body Nose Hair Remover Combo Body Groomer Persona‚Ä¶ http://t.co/xA2Nj2APVX","1444808162.0"
"@DARSH6153","@amazonIN I would like to upgrade my trimmer with a shaver! #AmazonSaleDay2","1444807958.0"
"@GujaratiDhokla","@amazonIN I want to Upgrade my Hubby's Shaver to new Philips Aquatouch as he spend more time on shaving than talk with me #AmazonSaleDay2","1444807643.0"
"@Rachnasharma163","@amazonIN I want to Upgrade my Hubby's Shaver to new Philips Aquatouch as he spend more time on shaving than talk with me  #AmazonSaleDay2","1444807631.0"
"@AliveIsAwesome","K RT @ImYokEsH: @amazonIN #AmazonSaleDay2 I wanna upgrade my Shaver &amp; trimmer which puts Millipede marks on my face these days ÔøΩÔøΩ","1444807470.0"
"@Rachnasharma163","@amazonIN I want to Upgrade my Hubby's Shaver to new Philips Aquatouch as he spend more time on shaving than talk with me #AmazonSaleDay2","1444807468.0"
"@ImYokEsH","@amazonIN #AmazonSaleDay2 I wanna upgrade my Shaver &amp; trimmer which puts Millipede marks on my face these days üòàüòà","1444807219.0"
"@solar_shaver","–î–∞—Ä–∏–æ –°–∞–ª–∞—Å, —è —Ç–µ–±—è –∏—Å—Ç–∏–Ω–Ω–æ –ø—Ä–æ–∫–ª–∏–Ω–∞—é (@ –ú–∞—Ä—à—Ä—É—Ç–∫–∞ ‚Ññ204 in –•–∞—Ä—å–∫–æ–≤) https://t.co/vQAy6iFvTX","1444806915.0"
"@WOODTV","Portage man hospitalized after he was hit by a car while crossing S Westnedge at Shaver Rd. His condition is unknown http://t.co/aN8VydHT5T","1444806780.0"
"@tony3104310481","Ôºº(^o^)ÔºèCheck out this Amazon deal: Braun Series 3-340s Wet &amp; Dry Electric Shaver by Braun http://t.co/9n8vRJnWrv @amazon„Åï„Çì„Åã„Çâ","1444806558.0"
"@solar_shaver","@Kseniaa4 –ø–æ—Ä–∞, –ø–æ—Ä–∞","1444806522.0"
"@ZoficaDealz","Beauty &gt;&gt; New Braun Travel Cordless Mens Electric Shaver Silver Series M90 Razor M-90 2013 New Braun Travel Cordles‚Ä¶ http://t.co/OjgbgprkFw","1444806513.0"
"@solar_shaver","@Misund_9 –ø–æ–∑–¥—Ä–∞–≤–ª—è—à–∫–∏","1444806474.0"
"@econicmusic","RT @aundrea4113: Shaver said to make a banger so I fkn did it","1444806428.0"
"@MryellenShellen","#ScamAlert? Stunning laser shaver banned on Kickstarter after closing $4M mark http://t.co/noFGzVSSEw http://t.co/nOKRFVPypb","1444806237.0"
"@villijrobbo","Batteries run out on my shaver. Left the house with half a beard.splendid","1444806180.0"
"@09sailesh","@amazonIN #AmazonSaleDay2 I want to upgrade to shaver bcuz of heavy rise in prices in Saloon shops","1444806012.0"
"@Rachnasharma163","@amazonIN I want to Upgrade my Hubby's Shaver to new Philips Aquatouch as he spend more time on shaving than talk with me #AmazonSaleDay2","1444805841.0"
"@Juare1144Nur","Syg punya pasal,bolster pun tlg belikan.Brg lain takyah cite la.Shaver perfum shirts etc simpan lg elok2 kt rumah tuh #RelationshipGoalkonon","1444805775.0"
"@bur_PW","RT @Books_n_writers: Theresa Shaver Land 200 five-star reviews on Amazon is featured on http://t.co/Gh5io5Gyot #BookWorm http://t.co/IYB0dU‚Ä¶","1444805375.0"
"@paul_cude","RT @Books_n_writers: Theresa Shaver Land 200 five-star reviews on Amazon is featured on http://t.co/Gh5io5Gyot #BookWorm http://t.co/IYB0dU‚Ä¶","1444805195.0"
"@Omniyat_net","AED 79/- Bundle Offer
Kemei Rechargeable Luxury Style Shaver For Men (KM-Q788) + Curren Stainless Steel for Men... http://t.co/pyCA1tZhow","1444805103.0"
"@Yesenia641022","#ScamAlert? Stunning laser shaver banned on Kickstarter after closing $4M mark http://t.co/cPFoEY3HzX http://t.co/BVEYpASDg0","1444804786.0"
"@tony3104310481","(^-^)Check out this Amazon deal: Braun Series 3-340s Wet &amp; Dry Electric Shaver by Braun http://t.co/9n8vRJnWrv @amazon„Åï„Çì„Åã„Çâ","1444804755.0"
"@tony310431041","(o^^o)Check out this Amazon deal: Braun Series 7- 790cc Pulsonic Shaver System,... by Braun http://t.co/K3MRDfJbfX @amazon„Åï„Çì„Åã„Çâ","1444804520.0"
"@cruzapolinario5","Hawaii's Finest Ice Shaver http://t.co/3ydhLXmjTV http://t.co/rfPzASTwe0","1444804482.0"
"@ADVSHER37","BEAUTY DEALS #9119 : http://t.co/X3rGUXNqXq Face Care / Panasonic Amyure Eyebrows and face shaver gold tone ES218‚Ä¶ http://t.co/WGfiHMLMLs","1444804263.0"
"@lexi_shaver","RT @Iadybonerss: Nathan Scott appreciation tweet http://t.co/KfXran8Hus","1444804197.0"
"@Boliop_dde","BEAUTY DEALS &gt;&gt; http://t.co/lo9LfpYAR6 #8312 Sichler Beauty 3 in1 Epilator, Shaver and Trimmer GENUINE NEW http://t.co/K5dVxqlHYU","1444804162.0"
"@NotebkBlogairy","RT @Books_n_writers: Theresa Shaver Land 200 five-star reviews on Amazon is featured on http://t.co/Gh5io5Gyot #BookWorm http://t.co/IYB0dU‚Ä¶","1444803495.0"
"@tony310431041","Ôºº(^o^)ÔºèCheck out this Amazon deal: Braun Series 3-340s Wet &amp; Dry Electric Shaver by Braun http://t.co/BoPjH9yMHw @ amazon„Åï„Çì„Åã„Çâ","1444803184.0"
"@solar_shaver","–º–Ω–µ –ø–æ–¥–æ–≥–Ω–∞–ª–∏ –ª–∏—Ç—Ä–æ–≤—ã–π –∏ 4—ë—Ö–ª–∏—Ç—Ä–æ–≤–≤–π —Ç–µ—Ä–º–æ—Å—ã.—è —Å—á–∞—Å—Ç–ª–∏–≤–∞","1444802961.0"
"@OswaldRuth1","Multiply the the best see headed for rear probation masses of in re thy shaver: pXeHgsrUL http://t.co/kL9GUPRDGy","1444802915.0"
"@solar_shaver","morning üê± (@ Sweet Home üíñ in –•–∞—Ä—å–∫–æ–≤) https://t.co/Oq49WQhBrp http://t.co/TMFVz47t8w","1444802854.0"
"@tony3104310413","Ôºà‚âß‚àá‚â¶ÔºâCheck out this Amazon deal: Braun Series 7- 790cc Pulsonic Shaver System,... by Braun http://t.co/rC20PwOP7K @amazon„Åï„Çì„Åã„Çâ","1444802773.0"
"@tony310431041","( ^œâ^ )Check out this Amazon deal: Braun Series 7- 790cc Pulsonic Shaver System,... by Braun http://t.co/K3MRDfJbfX @amazon„Åï„Çì„Åã„Çâ","1444802725.0"
"@jasonhalle","RT @Books_n_writers: Theresa Shaver Land 200 five-star reviews on Amazon is featured on http://t.co/Gh5io5Gyot #BookWorm http://t.co/IYB0dU‚Ä¶","1444802566.0"
"@Bella623","RT @Books_n_writers: Theresa Shaver Land 200 five-star reviews on Amazon is featured on http://t.co/Gh5io5Gyot #BookWorm http://t.co/IYB0dU‚Ä¶","1444802551.0"
"@diskonevoucher","Hasil cukur yang rapih dan mempesona bisa Anda dapatkan dengan Philips Shaver PQ206. Klik &gt; http://t.co/AXiGhEeHYw http://t.co/phYSJ2ve9Y","1444802516.0"
"@CourtneyCaroli2","Workmanlike shaver bucket seat that conduct literal shavers: FvdHlx","1444801987.0"
"@Books_n_writers","Theresa Shaver Land 200 five-star reviews on Amazon is featured on http://t.co/Gh5io5Gyot #BookWorm http://t.co/IYB0dUosaW","1444801980.0"
"@Nisamr_810","Check This Offer &gt; http://t.co/ocyUL8779T #3039 Electric Callus Remover Pro Electric Pedicure Skin Shaver Pedi Fo‚Ä¶ http://t.co/iBHloDqY9Z","1444801671.0"
"@Shaverflave22","RT @aundrea4113: Shaver said to make a banger so I fkn did it","1444801508.0"
"@ADVSHER23","Beauty Women : Men's Electric Back Shaver Mangroomer Pro Shave Shaving Wax‚Ä¶ http://t.co/MtOsyvCg5g Deals #5921 http://t.co/4lRCa9guoN","1444801361.0"
"@ADVSHER23","Beauty Women : Philips Norelco PT724/46 Shaver 3100 Men's Care grooming Beard‚Ä¶ http://t.co/crknLAgPic Deals #5921 http://t.co/jCHY8gh2E9","1444801360.0"
"@ADVSHER23","Beauty Women : Braun Series 3 330s-4 Electric Shaver (Power Razor Hair Grooming‚Ä¶ http://t.co/Z3jeFItfsa Deals #5921 http://t.co/6o9DbfUUrM","1444801358.0"
"@ADVSHER23","Beauty Women : New Panasonic Three Blade Shaver Red ES-ST27-R Japan Skin care‚Ä¶ http://t.co/JVwmIXeWt8 Deals #5921 http://t.co/36cnLTnjWN","1444801357.0"
"@ADVSHER23","Beauty Women : 10X 2in1 Shaver Razor Body Nose Hair Remover Combo Body Groomer‚Ä¶ http://t.co/4qAXXkexny Deals #5921 http://t.co/RbErUofl9A","1444801356.0"
"@Decia_MSU9","NEW BEAUTY DEALS http://t.co/BEaNIJWEoE #8007 Electric Callus Remover Pro Electric Pedicure Skin Shaver Pedi Foot‚Ä¶ http://t.co/dGVEBarWKZ","1444801306.0"
"@ADVSHER21","Beauty Tips : Braun Series 3 330s-4 Electric Shaver (Power Razor Hair Grooming‚Ä¶ http://t.co/PNPaY5NbuI Deals #7545 http://t.co/dTZb2fvyOK","1444801301.0"
"@ADVSHER19","Beauty Deals : Braun Series 3 330s-4 Electric Shaver (Power Razor Hair Grooming‚Ä¶ http://t.co/l2x4PILP5w #7171 http://t.co/rvPpDvYdkg","1444801300.0"
"@ADVSHER21","Beauty Tips : 10x 2 in 1 Shaver Razor Body Nose Hair Remover trimmer Body‚Ä¶ http://t.co/ul6DiT0xA3 Deals #7545 http://t.co/dkMD5qnURN","1444801299.0"
"@ADVSHER19","Beauty Deals : Philips Norelco PT724/46 Shaver 3100 Men's Care grooming Beard Electric‚Ä¶ http://t.co/14dLhxxvON #7171 http://t.co/s8Ui4RUh9V","1444801299.0"
"@ADVSHER21","Beauty Tips : Philips Norelco PT724/46 Shaver 3100 Men's Care grooming Beard‚Ä¶ http://t.co/YQyeHPLnK6 Deals #7545 http://t.co/VdBtBS6NNP","1444801298.0"
"@ADVSHER21","Beauty Tips : Back Hair Shaver Mens Grooming Personal Care Do It Yourself‚Ä¶ http://t.co/0eaBurY4In Deals #7545 http://t.co/qMadkVRPas","1444801297.0"
"@GhadaRofty","Beauty Care : New Panasonic Three Blade Shaver Red ES-ST27-R Japan Skin care‚Ä¶ http://t.co/82fudOXRqy Deals #711 http://t.co/50CnZcksin","1444801296.0"
"@ADVSHER19","Beauty Deals : Back Hair Shaver Mens Grooming Personal Care Do It Yourself‚Ä¶ http://t.co/E8MXB2jqX2 #7171 http://t.co/hD0MF0AdU3","1444801295.0"
"@ADVSHER17","BEAUTY SHOP : Braun Series 3 330s-4 Electric Shaver (Power Razor Hair Grooming‚Ä¶ http://t.co/sYJ6snqg5d Deals #7308 http://t.co/2KFFspL74q","1444801190.0"
"@ADVSHER17","BEAUTY SHOP : Back Hair Shaver Mens Grooming Personal Care Do It Yourself‚Ä¶ http://t.co/MvUhbiClbK Deals #7308 http://t.co/29Mu22KSO9","1444801189.0"
"@ADVSHER17","BEAUTY SHOP : New Panasonic Three Blade Shaver Red ES-ST27-R Japan Skin care‚Ä¶ http://t.co/zaLKgFJORm Deals #7308 http://t.co/n5NLlsciFx","1444801187.0"
"@ADVSHER17","BEAUTY SHOP : Philips Norelco PT724/46 Shaver 3100 Men's Care grooming Beard‚Ä¶ http://t.co/MBKry8Vx2j Deals #7308 http://t.co/hPYO63vI1K","1444801185.0"
"@ADVSHER18","Beauty Care : Back Hair Shaver Mens Grooming Personal Care Do It Yourself‚Ä¶ http://t.co/e5D8gGXTuT Deals #7632 http://t.co/98NWvEZB4F","1444801184.0"
"@ADVSHER18","Beauty Care : Braun Series 3 330s-4 Electric Shaver (Power Razor Hair Grooming‚Ä¶ http://t.co/MvrZzQluTM Deals #7632 http://t.co/YypVJFzhpv","1444801183.0"
"@ADVSHER18","Beauty Care : New BRAUN Men's Shaver Series 9 9095CC Skin care Body Beauty Laser http://t.co/nx2TifG13x Deals #7632 http://t.co/zube3BAMHu","1444801182.0"
"@ADVSHER18","Beauty Care : Philips Norelco PT724/46 Shaver 3100 Men's Care grooming Beard‚Ä¶ http://t.co/a2OAitBawq Deals #7632 http://t.co/I4ZkmYsVEd","1444801180.0"
"@Tonisahanz","Beauty : Men's Electric Back Shaver Mangroomer Pro Shave Shaving Wax Waxing Body‚Ä¶ http://t.co/LjjmqeakAC Deals #093 http://t.co/quiwtSGj5A","1444801173.0"
"@Tonisahanz","Beauty : Back Hair Shaver Mens Grooming Personal Care Do It Yourself Professional‚Ä¶ http://t.co/Rjps7zGLBQ Deals #093 http://t.co/7JujbKoIkS","1444801172.0"
"@Tonisahanz","Beauty : Philips Norelco PT724/46 Shaver 3100 Men's Care grooming Beard Electric‚Ä¶ http://t.co/IUacQUNWqS Deals #093 http://t.co/h1rIKrIdRw","1444801171.0"
"@Tonisahanz","Beauty : Braun Series 3 330s-4 Electric Shaver (Power Razor Hair Grooming Health)‚Ä¶ http://t.co/A0FzABye61 Deals #093 http://t.co/kamPFWSine","1444801170.0"
"@Nasraford","Beauty : Men's Electric Back Shaver Mangroomer Pro Shave Shaving Wax Waxing Body‚Ä¶ http://t.co/xnyTdYQQB4 Deals #600 http://t.co/W5WUpyBYFD","1444801155.0"
"@Nasraford","Beauty : 10x 2 in 1 Shaver Razor Body Nose Hair Remover trimmer Body Groomer‚Ä¶ http://t.co/LyKpGU7ppg Deals #600 http://t.co/7qPzcTxDzE","1444801153.0"
"@HodaGeilan","Beauty Care : 10x 2 in 1 Shaver Razor Body Nose Hair Remover trimmer Body‚Ä¶ http://t.co/j937PbyOn9 Fashion Deals #252 http://t.co/2uGb1N1zMo","1444801153.0"
"@Shindaloia","Beauty : Men's Electric Back Shaver Mangroomer Pro Shave Shaving Wax Waxing Body‚Ä¶ http://t.co/ZvMuM8JvIz Deals #0183 http://t.co/uWe3xQJN13","1444801152.0"
"@Nasraford","Beauty : Back Hair Shaver Mens Grooming Personal Care Do It Yourself Professional‚Ä¶ http://t.co/tyvRMCRcmq Deals #600 http://t.co/UUjULaTRpH","1444801152.0"
"@GhadaRofty","Beauty Care : Braun Series 3 330s-4 Electric Shaver (Power Razor Hair Grooming‚Ä¶ http://t.co/puSjRMmVLe Deals #711 http://t.co/qcoOeMrLu6","1444801152.0"
"@HodaGeilan","Beauty Care : Philips Norelco PT724/46 Shaver 3100 Men's Care grooming‚Ä¶ http://t.co/xPlcvDDoEM Fashion Deals #252 http://t.co/3CxpGWar6M","1444801151.0"
"@ADVSHER8","Beauty : Back Hair Shaver Mens Grooming Personal Care Do It Yourself‚Ä¶ http://t.co/3Vpkfi3tW9 Deals #9183 http://t.co/f8Mt3MgFPD","1444801151.0"
"@Nasraford","Beauty : Philips Norelco PT724/46 Shaver 3100 Men's Care grooming Beard Electric‚Ä¶ http://t.co/JyF5MZUM9b Deals #600 http://t.co/GczE21S6zT","1444801151.0"
"@GhadaRofty","Beauty Care : Philips Norelco PT724/46 Shaver 3100 Men's Care grooming Beard‚Ä¶ http://t.co/I6RWc854Qe Deals #711 http://t.co/FoYVtuMDvy","1444801150.0"
"@Shindaloia","Beauty : 10x 2 in 1 Shaver Razor Body Nose Hair Remover trimmer Body Groomer‚Ä¶ http://t.co/uyPqCcZnKf Deals #0183 http://t.co/Bc96JT0NIB","1444801150.0"
"@Aminayahunt","Beauty Care : Back Hair Shaver Mens Grooming Personal Care Do It Yourself‚Ä¶ http://t.co/Gc7PSneEnw Deals #300 http://t.co/mwwBlBqQV5","1444801150.0"
"@ADVSHER8","Beauty : New Panasonic Three Blade Shaver Red ES-ST27-R Japan Skin care mustache‚Ä¶ http://t.co/tc00vb5num Deals #9183 http://t.co/1KgE8MnrtC","1444801149.0"
"@Shindaloia","Beauty : 10X 2in1 Shaver Razor Body Nose Hair Remover Combo Body Groomer‚Ä¶ http://t.co/h6oDd8T9eC Deals #0183 http://t.co/WQueargnVe","1444801149.0"
"@Aminayahunt","Beauty Care : Philips Norelco PT724/46 Shaver 3100 Men's Care grooming Beard‚Ä¶ http://t.co/wOiZ3tnSTX Deals #300 http://t.co/S2EZ9lh3Sh","1444801149.0"
"@HodaGeilan","Beauty Care : Back Hair Shaver Mens Grooming Personal Care Do It Yourself‚Ä¶ http://t.co/9USeADiUyC Fashion Deals #252 http://t.co/mD1TrbnxnR","1444801148.0"
"@Aminayahunt","Beauty Care : Braun Series 3 330s-4 Electric Shaver (Power Razor Hair Grooming‚Ä¶ http://t.co/Lg9VHgyn4m Deals #300 http://t.co/LeF9V5CRKG","1444801148.0"
"@GhadaRofty","Beauty Care : 10X 2in1 Shaver Razor Body Nose Hair Remover Combo Body Groomer‚Ä¶ http://t.co/DiQLPrkS1b Deals #711 http://t.co/x6RfDF4wuo","1444801147.0"
"@Shindaloia","Beauty : New BRAUN Men's Shaver Series 9 9095CC Skin care Body Beauty Laser http://t.co/bqF2Iphv1f Deals #0183 http://t.co/AF8A2thnwq","1444801147.0"
"@ADVSHER8","Beauty : 10X 2in1 Shaver Razor Body Nose Hair Remover Combo Body Groomer‚Ä¶ http://t.co/SmVveME9rx Deals #9183 http://t.co/s7wsa71RgM","1444801146.0"
"@HodaGeilan","Beauty Care : Braun Series 3 330s-4 Electric Shaver (Power Razor Hair‚Ä¶ http://t.co/eg0PpcOiQU Fashion Deals #252 http://t.co/OdvNv5zBFB","1444801146.0"
"@cefemero","NEW Victorio VKP1104 Electric Ice Shaver Gift Pack http://t.co/EkdAWf6TFD http://t.co/sHCiyVQYCm","1444801139.0"
"@Kalstafonz","Beauty Tips : Braun Series 3 330s-4 Electric Shaver (Power Razor Hair Grooming‚Ä¶ http://t.co/uRZewUnpIf Deals #810 http://t.co/mrWvW3N2zY","1444801122.0"
"@Kalstafonz","Beauty Tips : 10x 2 in 1 Shaver Razor Body Nose Hair Remover trimmer Body Groomer‚Ä¶ http://t.co/eZ7BVLWg45 Deals #810 http://t.co/WG0hDFRVso","1444801120.0"
"@KolimantLee","#Deals #Beauty 10X 2in1 Shaver Razor Body Nose Hair Remover Combo Body Groomer Personal‚Ä¶ http://t.co/DPt2wg2zPg #655 http://t.co/BvPzR62GSP","1444801120.0"
"@KolimantLee","#Deals #Beauty New Panasonic Three Blade Shaver Red ES-ST27-R Japan Skin care mustache‚Ä¶ http://t.co/y2KDwy3drz #655 http://t.co/UdPECxZYjI","1444801119.0"
"@Kalstafonz","Beauty Tips : New BRAUN Men's Shaver Series 9 9095CC Skin care Body Beauty Laser http://t.co/WM7nRN6YWt Deals #810 http://t.co/LeDWsJX4Rb","1444801118.0"
"@Kalstafonz","Beauty Tips : 10X 2in1 Shaver Razor Body Nose Hair Remover Combo Body Groomer‚Ä¶ http://t.co/uc0m86nJhO Deals #810 http://t.co/Lb9i2CQFHz","1444801117.0"
"@KolimantLee","#Deals #Beauty Men's Electric Back Shaver Mangroomer Pro Shave Shaving Wax Waxing Body‚Ä¶ http://t.co/A6wlAKZ2lm #655 http://t.co/0dkOAn6mbq","1444801116.0"
"@borisjungs","NEW Victorio VKP1104 Electric Ice Shaver Gift Pack http://t.co/2K9uV98peX http://t.co/FOvxOYvTaR","1444800911.0"
"@tony3104310413","Ôºº(^o^)ÔºèCheck out this Amazon deal: Braun Series 7- 790cc Pulsonic Shaver System,... by Braun http://t.co/rC20PwOP7K @amazon„Åï„Çì„Åã„Çâ","1444800889.0"
"@lyn_fragan","Philips Norelco Shaver Razor Beard Trimmer Charger Cord HQ8505 SSW-2082US-3 http://t.co/fplBrNBMbe http://t.co/g0t8UBbjcg","1444800478.0"
"@apries408","ughh i need shaver -_- http://t.co/M9EEkLoBvb","1444800379.0"
"@obesojenaro","Mens Electric Shaver Razor Cleaning Brush For PHILIPS Braun Remington Norelco MA http://t.co/KvgObDG6FR http://t.co/NsQ6rHuYhJ","1444800366.0"
"@berardohy","Philips Norelco Shaver Razor Beard Trimmer Charger Cord HQ8505 SSW-2082US-3 http://t.co/6fM1bRbIrs http://t.co/StujnGMPml","1444800242.0"
"@solar_shaver","GM 
–ª—É—á—à–µ –æ–¥–Ω–æ–≥–æ –∫–æ—Ç–∞ –º–æ–≥—É—Ç –±—ã—Ç—å —Ç–æ–ª—å–∫–æ –¥–≤–∞ –∫–æ—Ç–∞ üê±üê± http://t.co/EPOyKu1FOP","1444800198.0"
"@fatburners12","Promo: Epilator Review: Emjoi Soft Caress Cordless Hair Remover - http://t.co/KTdRF4hwiK","1444799610.0"
"@BlakePhillips90","#ScamAlert? Stunning laser shaver banned on Kickstarter after closing $4M mark http://t.co/XyoFb5f73g http://t.co/ml1vOhA4Dd","1444799390.0"
"@HowardStrauber","Scam alert? Stunning laser shaver banned on Kickstarter after closing $4M mark http://t.co/7nxDAEYpIQ","1444799053.0"
"@tony310431041","(*^_^*)Check out this Amazon deal: Braun Series 3-340s Wet &amp; Dry Electric Shaver by Braun http://t.co/BoPjH9yMHw @ amazon„Åï„Çì„Åã„Çâ","1444798321.0"
"@DbGrld153","#ScamAlert? Stunning laser shaver banned on Kickstarter after closing $4M mark http://t.co/G3JfhJ6egN http://t.co/Yia07zBYXE","1444797705.0"
"@sandrotame","Philips Norelco 3D Shaver Head RQ12 52 SensoTouch NO*BLADES 1250X Original OEM http://t.co/Hmr98uyD2Q http://t.co/yvJuLQz7X5","1444797623.0"
"@beard_shaver","@SalmansSoldier it's not salman Khan its my stomach talking after not eating for a day","1444797580.0"
"@eliansota","Philips Norelco 3D Shaver Head RQ12 52 SensoTouch NO*BLADES 1250X Original OEM http://t.co/KApiK2EZ5i http://t.co/W8JFEalWT7","1444797572.0"
"@escu_vill","Philips Norelco 3D Shaver Head RQ12 52 SensoTouch NO*BLADES 1250X Original OEM http://t.co/FLDCAEgxOg http://t.co/ZsBkn9dvZ9","1444797543.0"
"@Doprica_Su2","Beauty http://t.co/VwTLStt9qy #2389 Face Care / Panasonic Amyure Eyebrows and face shaver gold tone ES2185P-N NEW‚Ä¶ http://t.co/fP7snP8SsC","1444797323.0"
"@Rolianrt_12","BEAUTY TIPS : http://t.co/hjwJ0Rp0ii #3146 Panasonic Arc Iv Wet And Dry Shaver Health 4 Blades Rechargeable Pivot‚Ä¶ http://t.co/jr3278C2zy","1444797143.0"
"@Rolianrt_12","BEAUTY TIPS : http://t.co/g057LhIKK8 #3146 Philips Norelco Shaver 4100 (Model AT810/41) Men's Care grooming Beard‚Ä¶ http://t.co/GLDQPoI1AV","1444797142.0"
"@Rolianrt_12","BEAUTY TIPS : http://t.co/Epyx5GSEWQ #3146 Braun Series 3 330s-4 Electric Shaver (Power Razor Hair Grooming Healt‚Ä¶ http://t.co/qaFVWuloTN","1444797137.0"
"@Rolianrt_12","BEAUTY TIPS : http://t.co/4XDonIoj5Q #3146 New Panasonic Three Blade Shaver Red ES-ST27-R Japan Skin care mustach‚Ä¶ http://t.co/mYOX3m3HL8","1444797135.0"
"@Rolianrt_12","BEAUTY TIPS : http://t.co/GINHY6OCL4 #3146 10x 2 in 1 Shaver Razor Body Nose Hair Remover trimmer Body Groomer Be‚Ä¶ http://t.co/PJuA9K7Xle","1444797133.0"
"@aundrea4113","Shaver said to make a banger so I fkn did it","1444797004.0"
"@OrlanthaStout","New Shaver Head for Philips Norelco HQ3 HQ56 HQ55 HQ442 HQ300 HQ6 HQ916 Razor http://t.co/WILJhYdjbe http://t.co/wDbapUQ0ji","1444796836.0"
"@flamibenit","New Shaver Head for Philips Norelco HQ3 HQ56 HQ55 HQ442 HQ300 HQ6 HQ916 Razor http://t.co/zfxiTcrkWr http://t.co/DE76V3HFHw","1444796723.0"
"@filabello","New Shaver Head for Philips Norelco HQ3 HQ56 HQ55 HQ442 HQ300 HQ6 HQ916 Razor http://t.co/SDMj0q87Kz http://t.co/9KcVW6fQY1","1444796718.0"
"@flavianobernat","New Shaver Head for Philips Norelco HQ3 HQ56 HQ55 HQ442 HQ300 HQ6 HQ916 Razor http://t.co/5KfLhxHhcI http://t.co/FJlYtoR45l","1444796717.0"
"@felixbalcaz","New Shaver Head for Philips Norelco HQ3 HQ56 HQ55 HQ442 HQ300 HQ6 HQ916 Razor http://t.co/e9rNHwL7gi http://t.co/3RLmGNneNj","1444796700.0"
"@bootliquor","‚ô¨ Billy Joe Shaver - Ramblin' Fever ‚ô¨ http://t.co/fzgP9IRt2h #nowplaying","1444796517.0"
"@schegamacario","New Shaver Head for Philips Norelco HQ3 HQ56 HQ55 HQ442 HQ300 HQ6 HQ916 Razor http://t.co/gp6lKeFgk8 http://t.co/FXIcJNo97f","1444796508.0"
"@faraon_ar","New Shaver Head for Philips Norelco HQ3 HQ56 HQ55 HQ442 HQ300 HQ6 HQ916 Razor http://t.co/Gs3e6SlrqB http://t.co/OiX6xbm0Ir","1444796493.0"
"@linford_kyle","New Shaver Head for Philips Norelco HQ3 HQ56 HQ55 HQ442 HQ300 HQ6 HQ916 Razor http://t.co/Yp26L3J4OD http://t.co/09ChouvBjM","1444796470.0"
"@tony310431041","(o^^o)Check out this Amazon deal: Braun Series 3-340s Wet &amp; Dry Electric Shaver by Braun http://t.co/BoPjH9yMHw @ amazon„Åï„Çì„Åã„Çâ","1444796464.0"
"@BuchanFlora","New Shaver Head for Philips Norelco HQ3 HQ56 HQ55 HQ442 HQ300 HQ6 HQ916 Razor http://t.co/98oaE7IdE3 http://t.co/TMM6zH9YxM","1444796173.0"
"@fantinoardura","New Shaver Head for Philips Norelco HQ3 HQ56 HQ55 HQ442 HQ300 HQ6 HQ916 Razor http://t.co/tJabU0pmx7 http://t.co/bMJMgjatUm","1444796100.0"
"@sam_reeman","@Braun Hi,I have a Braun electric shaver as I was using it, the slide up shaver on the back, at the top where the blade is, it just fell off","1444795965.0"
"@jonathanlockim","New Shaver Head for Philips Norelco HQ3 HQ56 HQ55 HQ442 HQ300 HQ6 HQ916 Razor http://t.co/U0QLHCfntN http://t.co/lLHOJxXhRz","1444795923.0"
"@flavioblancos","New Shaver Head for Philips Norelco HQ3 HQ56 HQ55 HQ442 HQ300 HQ6 HQ916 Razor http://t.co/PtLiK3n2UW http://t.co/KwJUKSLBsX","1444795875.0"
"@em_shaver","Will the Iraq vote ever stop coming up? ITS DEAD. THE HORSE IS DEAD. PUT YOUR BATS AWAY. EVERYONE KNOWS HILLARY VOTED FOR IT.","1444795872.0"
"@StorrKate","New Shaver Head for Philips Norelco HQ3 HQ56 HQ55 HQ442 HQ300 HQ6 HQ916 Razor http://t.co/xuU4xRnqAf http://t.co/9noxSuHtW6","1444795834.0"
"@filibertobejara","New Shaver Head for Philips Norelco HQ3 HQ56 HQ55 HQ442 HQ300 HQ6 HQ916 Razor http://t.co/h2PaTytVZv http://t.co/dQOXvwahn3","1444795823.0"
"@MacaulayKay","New Shaver Head for Philips Norelco HQ3 HQ56 HQ55 HQ442 HQ300 HQ6 HQ916 Razor http://t.co/UgncmpeyUU http://t.co/LCRGcg94BF","1444795810.0"
"@BithellKayla","New Shaver Head for Philips Norelco HQ3 HQ56 HQ55 HQ442 HQ300 HQ6 HQ916 Razor http://t.co/VpmHpcbfd5 http://t.co/qL5q3hD1AF","1444795809.0"
"@ErrolWaterman","New Shaver Head for Philips Norelco HQ3 HQ56 HQ55 HQ442 HQ300 HQ6 HQ916 Razor http://t.co/Wn5K1fDh4L http://t.co/kfGLTzTYD7","1444795788.0"
"@ferdinandobilar","New Shaver Head for Philips Norelco HQ3 HQ56 HQ55 HQ442 HQ300 HQ6 HQ916 Razor http://t.co/EAvc5BFNuQ http://t.co/GveZhcRjeL","1444795770.0"
"@fedorarred","New Shaver Head for Philips Norelco HQ3 HQ56 HQ55 HQ442 HQ300 HQ6 HQ916 Razor http://t.co/B5FInlAA7Y http://t.co/ujYbyWCRTP","1444795752.0"
"@TorresEnoch","New Shaver Head for Philips Norelco HQ3 HQ56 HQ55 HQ442 HQ300 HQ6 HQ916 Razor http://t.co/aP31RdtPk3 http://t.co/aiI7cgqFYK","1444795741.0"
"@serranomadox","New Shaver Head for Philips Norelco HQ3 HQ56 HQ55 HQ442 HQ300 HQ6 HQ916 Razor http://t.co/HcbrgJ69RI http://t.co/LhHP54f0l4","1444795721.0"
"@sotamalco","New Shaver Head for Philips Norelco HQ3 HQ56 HQ55 HQ442 HQ300 HQ6 HQ916 Razor http://t.co/XuKtvH9cVd http://t.co/9abx8rwxJQ","1444795702.0"
"@juliehedleyjn","New Shaver Head for Philips Norelco HQ3 HQ56 HQ55 HQ442 HQ300 HQ6 HQ916 Razor http://t.co/8qED79uh6P http://t.co/uuG8q1NQMp","1444795686.0"
"@CourtneyCaroli2","Masterly shaver head that perpetrate to be desired shavers: lBGDQV","1444795671.0"
"@sentiesmacedon5","New Shaver Head for Philips Norelco HQ3 HQ56 HQ55 HQ442 HQ300 HQ6 HQ916 Razor http://t.co/eS0Tm7up1F http://t.co/u9luVacgBD","1444795652.0"
"@sobrinomahoma","New Shaver Head for Philips Norelco HQ3 HQ56 HQ55 HQ442 HQ300 HQ6 HQ916 Razor http://t.co/jv5xQgfpzA http://t.co/Mui13SuFBS","1444795625.0"
"@HarropLandry","New Shaver Head for Philips Norelco HQ3 HQ56 HQ55 HQ442 HQ300 HQ6 HQ916 Razor http://t.co/kPSeBGOt2q http://t.co/IbN7WGBPL6","1444795621.0"
"@HawleySacha","New Shaver Head for Philips Norelco HQ3 HQ56 HQ55 HQ442 HQ300 HQ6 HQ916 Razor http://t.co/plQBpDDOn9 http://t.co/VdNRagURbK","1444795605.0"
"@haleyrutherfor2","New Shaver Head for Philips Norelco HQ3 HQ56 HQ55 HQ442 HQ300 HQ6 HQ916 Razor http://t.co/n8loaSZIVs http://t.co/JdRh1Ej4SK","1444795552.0"
"@KBarbersEmp","RT @AndisCoUK: Share your pics of the fades you've created with your #Andis T-Outliners and their foil shaver head! http://t.co/IW9YJHvLNh","1444795541.0"
"@LaverRebecca","New Shaver Head for Philips Norelco HQ3 HQ56 HQ55 HQ442 HQ300 HQ6 HQ916 Razor http://t.co/f5TsmK8QUk http://t.co/9R6JbCucr1","1444795534.0"
"@asher_scarlett","New Shaver Head for Philips Norelco HQ3 HQ56 HQ55 HQ442 HQ300 HQ6 HQ916 Razor http://t.co/9s5aWpv33e http://t.co/nY7aXyGVUK","1444795519.0"
"@sharonmanuelfj","New Shaver Head for Philips Norelco HQ3 HQ56 HQ55 HQ442 HQ300 HQ6 HQ916 Razor http://t.co/8wyQrLIkvG http://t.co/E4dJIvjzNW","1444795497.0"
"@POTerritory","@JudgeDan48 I brought my electric shaver!","1444795465.0"
"@louis_mohan","New Shaver Head for Philips Norelco HQ3 HQ56 HQ55 HQ442 HQ300 HQ6 HQ916 Razor http://t.co/LGRIq6Ldim http://t.co/XoUhU3NiBs","1444795244.0"
"@Mimeto","RT @FK_Vintage: NO RESERVE Vintage Remington Super Mesh electric shaver with replacement cutter and foil http://t.co/h08dTqdQEs? http://t.c‚Ä¶","1444795239.0"
"@GeorgesCarrier","Billy Joe Shaver Music City USA http://t.co/Bpoy4N8VYS","1444794758.0"
"@shaver_jay","RT @WIRED: This is the most important rule in science writing http://t.co/g4G3jPUd7Y","1444794455.0"
"@evelynnunez1d","@xDiaannaa_ I'll grab a shaver and make them chola status brows üòÇüòÇüòÇüòÇüî™ jk jk","1444794435.0"
"@crowdbuying","If you're looking to try out an electric shaver for the first time - #daily #hotdeal #bestdealsoftheday","1444794306.0"
"@atoms2bits","Scam alert? Stunning laser shaver banned on Kickstarter #After closing $4M mark http://t.co/K0a62Gm6wA http://t.co/vsIJcB2J8Z","1444794249.0"
"@em_shaver","I have looked up to Hillary Clinton since I was a little girl, but she just isn't the one who supports the issues I care about anymore.","1444794230.0"
"@tony310431041","( ^œâ^ )Check out this Amazon deal: Braun Series 3-340s Wet &amp; Dry Electric Shaver by Braun http://t.co/BoPjH9yMHw @ amazon„Åï„Çì„Åã„Çâ","1444794181.0"
"@em_shaver","RT @jheartsjaclyn: (@jaclynhill) when someone calls you a bitchüòèüíÅüèº https://t.co/mgZqNAeQHh","1444794040.0"
"@em_shaver","People keep talking about wanting more honest people in government, why not take that stand now?","1444794023.0"
"@Spares4Us","Braun CCR3 Clean and Renew Electric Shaver Refill Cartridges - ... by Braun http://t.co/p0mlRBRqDw","1444794011.0"
"@_TJG93","Can't get my head around the way I manage to cut myself shaving with an electric shaver the fuck is that bout thoüòï","1444793888.0"
"@em_shaver","Cuz I'm getting fucking real tired of being told I support a "lost cause"","1444793879.0"
"@em_shaver","@BernieSanders reminds me that there are still honest people in politics. Isn't that enough of a reason to support him?","1444793850.0"
"@tony3104310413","( ^œâ^ )Check out this Amazon deal: Braun Series 3-340s Wet &amp; Dry Electric Shaver by Braun http://t.co/acyiBFURCS @amazon„Åï„Çì„Åã„Çâ","1444793718.0"
"@lucasnj","What kept me up is my electric shaver that turns on its own...strange thing..hmmm I thinks haunted. Haha","1444793676.0"
"@em_shaver","@britta__perry AGGGGGGGGHHHHHHHHH","1444793485.0"
"@em_shaver","@BernieSanders is like a real life Leslie Knope","1444793462.0"
"@tony310431041","Check out this Amazon deal: Braun Series 3-340s Wet &amp; Dry Electric Shaver by Braun http://t.co/BoPjH9yMHw @ amazon„Åï„Çì„Åã„Çâ","1444793043.0"
"@BeSound","#RickGrimes is a horrible shaver apparently #thewalkingdead #TWD #amc http://t.co/0eHSf8wR6N http://t.co/FI3H6GlWTb","1444792963.0"
"@ajayghawate","@amazonIN 
I bought a camera n a shaver worth ‚Çπ9480 yestrday using hdfc crdt crd.. whn n hw will I get my 15% Cashback?","1444792923.0"
"@em_shaver","Starting the democratic debate now so I can go on the internet again","1444792839.0"
"@androidosforum","Scam alert? Stunning laser shaver banned on Kickstarter after closing $4M mark: 
An interesting project hit Ki... http://t.co/ISJvvTQl8M","1444792614.0"
"@HssCut533","#ScamAlert? Stunning laser shaver banned on Kickstarter after closing $4M mark http://t.co/X1hrG75BEI http://t.co/UxiVe9Dtpj","1444792594.0"
"@MelvinRabot","Scam alert? Stunning laser shaver banned on Kickstarter after closing $4M mark http://t.co/3QqE0fqpFW via @BGR","1444792559.0"
"@lancedrw","RT @ukestrb: http://t.co/DNBr8AyGxY","1444792304.0"
"@forestmisr","RT @ukestrb: http://t.co/DNBr8AyGxY","1444792302.0"
"@eirishuv","RT @ukestrb: http://t.co/DNBr8AyGxY","1444792296.0"
"@flamehayaz","RT @ukestrb: http://t.co/DNBr8AyGxY","1444792294.0"
"@kodosblay","RT @ukestrb: http://t.co/DNBr8AyGxY","1444792288.0"
"@taiallenmusic","AAARGH: i have a breakfast meeting and my shaver just broke.","1444792201.0"
"@nielsenlink","Scam alert? Stunning laser shaver banned on Kickstarter after closing $4M mark http://t.co/53x6TJOAtn #tech #news","1444792116.0"
"@pdxpolicelog","HAZARD - HAZARDOUS CONDITION at N ALBINA AVE / N SHAVER ST, PORTLAND, OR [Portland Police #PP15000356598] 21:57 #pdx911","1444792086.0"
"@CarlHooton","Ultimate Survival Tech 20-310-251 Mag Bar Fire Starter Gray w/Shaver/Striker http://t.co/g2gbetHOGi http://t.co/0ajl9tY6n4","1444791995.0"
"@Mr_Lovecraft","RT @SFFAudio: The Strange Disappearance Of Guy Sylvester by Chester S. Geier and Taylor Victor Shaver

http://t.co/tI3gevdIxu http://t.co/C‚Ä¶","1444791783.0"
"@pdxpolicelog","AREA CHECK at 12000 BLOCK OF NE SHAVER ST, PORTLAND, OR [Portland Police #PP15000356560] 21:58 #pdx911","1444791665.0"
"@thai02h5","[To√†n Qu·ªëc][Huy Tu·∫•n] T√¥ng ƒë∆° c·∫°o r√¢u Boteng Shaver V5 (N√¢u), Gi√°: 165.000 ‚Ç´ - Gi·∫£m 31% http://t.co/tyQjZvGTTi","1444791196.0"
"@barbershoploans","RT @1shopforless: ‚â•‚ô£ #Beard Shaver Trimmer #Hair #Clipper Razor Electric Professional Barber Cordless http://t.co/gsHDjyi8ug http://t.co/T7‚Ä¶","1444791088.0"
"@thai02h5","[To√†n Qu·ªëc][Huy Tu·∫•n] T√¥ng ƒë∆° c·∫°o r√¢u Boteng Shaver V5 (N√¢u), Gi√°: 165.000 ‚Ç´ - Gi·∫£m 31% http://t.co/CAiMVUTGAe","1444791079.0"
"@SarahJessTjit","Selling PHILIPS Electronic Shaver $75 http://t.co/rAXe1YQ2nT #carousell @thecarousell http://t.co/rYjiTYRdCJ","1444791051.0"
"@SarahJessTjit","I'm selling my PHILIPS Electronic Shaver for $75 http://t.co/rAXe1YQ2nT #carousell @thecarousell","1444791042.0"
"@harilachu","I just bought: 'Philips AquaTouch AT890/16 Men's Shaver' by Philips via @amazonIN http://t.co/ZpiIHgdDxA","1444790767.0"
"@clemorot","Philips Norelco SensoTouch 2D Shaver Head RQ11 1150X 1160X 1190X OEM NO*BOX Read http://t.co/Jz0LFF2ag5 http://t.co/N98nfJYogC","1444790093.0"
"@tonytony2106","Ôºº(^o^)ÔºèCheck out this Amazon deal: Braun Series 3-340s Wet &amp; Dry Electric Shaver by Braun http://t.co/gg9xJ512WD via @ amazon","1444789922.0"
"@Boliop_dde","BEAUTY DEALS &gt;&gt; http://t.co/CRPsJaaYVe #8312 Back Hair Shaver Mens Grooming Personal Care Do It Yourself Professi‚Ä¶ http://t.co/EYVQXusEuD","1444789715.0"
"@Boliop_dde","BEAUTY DEALS &gt;&gt; http://t.co/fBRUTX722F #8312 10x 2 in 1 Shaver Razor Body Nose Hair Remover trimmer Body Groomer ‚Ä¶ http://t.co/QDNN5PcX7y","1444789714.0"
"@Boliop_dde","BEAUTY DEALS &gt;&gt; http://t.co/WlOxKe2Pmj #8312 10X 2in1 Shaver Razor Body Nose Hair Remover Combo Body Groomer Pers‚Ä¶ http://t.co/VNlkmSlEh4","1444789710.0"
"@Boliop_dde","BEAUTY DEALS &gt;&gt; http://t.co/ppw0tkw7VE #8312 Braun Series 3 330s-4 Electric Shaver (Power Razor Hair Grooming Hea‚Ä¶ http://t.co/mogkBn4kOY","1444789709.0"
"@Boliop_dde","BEAUTY DEALS &gt;&gt; http://t.co/JStjA1MHH0 #8312 Panasonic ES-LV96 Ram Dash Men's Shaver 5-Blade Japan Hokkaido men's‚Ä¶ http://t.co/tYQRjJgfMO","1444789706.0"
"@ianloke","Man struck by car on Shaver Road while jogging http://t.co/pG609NQOV0","1444789606.0"
"@Rana_WWESe","HOT DEAL &gt;&gt; http://t.co/37vw4LZ8qn Norelco 1150X SensoTouch Electric Razor with GyroFlex 2D Men's Shaver New #acc‚Ä¶ http://t.co/WRqs3SCK4G","1444789512.0"
"@promocodeindia","Kemei Rechargebale Shaver And Trimmer KM9026 for Rs¬†799 http://t.co/XOlIGcLhTb","1444789497.0"
"@damasopo","Philips Norelco SensoTouch 2D Shaver Head RQ11 1150X 1160X 1190X OEM NO*BOX Read http://t.co/4j3kwWjDoD http://t.co/ydqGqePlBD","1444789311.0"
"@CourtneyCaroli2","Stylish shaver timing unit that surge back deserved shavers: wXjGir","1444789293.0"
"@Spares4Us","Remington MS32700 Triple Shaver Foil SP93 (S8) by Remington http://t.co/IslyiTmGcv","1444789212.0"
"@clemorot","Philips Norelco 1150X 1160X 2D Shaver Protective Bag Case Black NEW*OPENBOX http://t.co/1ZcRqjS6k5 http://t.co/egSs3BhuNk","1444789182.0"
"@conradorteg","PHILIPS RQ1168 red sensotouch Shaver (three blades and Rotary)  Japan Tracking http://t.co/HdXWtbx6AM http://t.co/9yMeIelye1","1444789025.0"
"@mwkoop","@troy_shaver can't tell you how accurate this is","1444788946.0"
"@ciceronmogroj","Philips Norelco 1150X 1160X 2D Shaver Protective Bag Case Black NEW*OPENBOX http://t.co/l12HdnOjr4 http://t.co/8GILbjmL52","1444788659.0"
"@throughthechaff","@Jacob_B_Shaver @hardball_chris @MSNBC he has plenty of spine when ghosting for Clinton or Biden. Obviously not concerned about balance/bias","1444788559.0"
"@MGoRumors","@Jacob_B_Shaver The rich white person(s) won! @MichiganNation2","1444788548.0"
"@CouponToucan","#Offers
#VoucherCodes BRAND NEW - SMALL LINT REMOVER - BOBBLE OFF ... 
http://t.co/IXcHnFvNQY http://t.co/s3hKc89a6d","1444788488.0"
"@troy_shaver","THIS NEW PWOER SAVER MODE FOR IOS9 IS SAVING LIVES","1444788474.0"
"@penalvacrisost5","Philips Norelco 1190X RQ11 1100 Series 2D Shaver Handle ONLY Original NEWOPENBOX http://t.co/CNbef2cqY0 http://t.co/3rSxUoEOfI","1444788415.0"
"@penalvacrisost5","Philips Norelco 2D 1150 1160 1180 RQ11 Shaver Head Base Blue NEW*OPEN*BOX Read http://t.co/7GiE9KQCwJ http://t.co/FGvR5KhmKH","1444788414.0"
"@damasopo","Philips Norelco 1190X RQ11 1100 Series 2D Shaver Handle ONLY Original NEWOPENBOX http://t.co/9n5PMVSZOx http://t.co/6ybk9PtxW2","1444788413.0"
"@troy_shaver","I classify 'no sleep' as less than 9 hours of sleep","1444788326.0"
"@Wearehere_19","Deals &amp; Offers : http://t.co/GA9ijRR6cl #87623 Panasonic ES-ED90 6 in 1 Epilator, Shaver, Foot Care #1979

$128.6‚Ä¶ http://t.co/BsyQ81O9YH","1444788283.0"
"@clemorot","Philips Norelco 1190X RQ11 1100 Series 2D Shaver Handle ONLY Original NEWOPENBOX http://t.co/4BLzQlH6D9 http://t.co/otuS2DnR2a","1444788282.0"
"@clemorot","Philips Norelco 2D Shaver 1150X 1160X RQ11 Pop Up Trimmer OEM OPEN*BOX Read Desc http://t.co/ZhKyZHg6mM http://t.co/dgcKFJT7Pv","1444788279.0"
"@clemorot","Philips Norelco 2D 1100 Series RQ11 Shaver Head Base Black NEW*OPEN*BOX Read http://t.co/UK6x6g6vBQ http://t.co/7uJk1deXG8","1444788278.0"
"@clemorot","Philips Norelco 2D 1150 1160 1180 RQ11 Shaver Head Base Blue NEW*OPEN*BOX Read http://t.co/3BqYgBGFzS http://t.co/QWlgJPJbrX","1444788278.0"
"@Jacob_B_Shaver","@throughthechaff @hardball_chris He's a corporate puppet just like most of them at @MSNBC. He has no spine.","1444788244.0"
"@tonytony2106","( ^œâ^ )Check out this Amazon deal: Braun Series 3-340s Wet &amp; Dry Electric Shaver by Braun http://t.co/gg9xJ512WD via @ amazon","1444788233.0"
"@Jacob_B_Shaver","@EAZYEABC123 Looks like Bernie is the people's choice. Funny how corporate media sees it differently (e.g. Scumbag Chris Matthews).","1444788197.0"
"@throughthechaff","@Jacob_B_Shaver @hardball_chris agree &amp; am pissed;is he really ignorant abt dem socialism or so pro Hillary he uses socialism 2 instill fear","1444788126.0"
"@AuthcomInc","Scam alert? Stunning laser shaver banned on Kickstarter after closing $4M mark http://t.co/wDEuIKFzmQ","1444788114.0"
"@troy_shaver","RT @mwkoop: ‚ò∫Ô∏è","1444788032.0"
"@Jacob_B_Shaver","@hardball_chris It's PATHETIC how you refuse to recognize Bernie Sanders as a serious candidate! You, sir, don't properly do your job.","1444787825.0"
"@ciceronmogroj","Philips Norelco 2D Shaver 1150X 1160X RQ11 Pop Up Trimmer OEM OPEN*BOX Read Desc http://t.co/N6Ow7hPi9Z http://t.co/VO2JSwY1uP","1444787793.0"
"@pinecustodi","Philips Norelco 2D 1100 Series RQ11 Shaver Head Base Black NEW*OPEN*BOX Read http://t.co/iQSoIuxgXp http://t.co/2xPwj1awb0","1444787545.0"
"@pinecustodi","Philips Norelco 2D 1150 1160 1180 RQ11 Shaver Head Base Blue NEW*OPEN*BOX Read http://t.co/aO8CL3H8mU http://t.co/vjZM9v0dao","1444787544.0"
"@penalvacrisost5","Philips Norelco 2D 1100 Series RQ11 Shaver Head Base Black NEW*OPEN*BOX Read http://t.co/PHz0WGOlw7 http://t.co/3ctci1ZRpb","1444787531.0"
"@damasopo","Philips Norelco 2D 1100 Series RQ11 Shaver Head Base Black NEW*OPEN*BOX Read http://t.co/eDMxVC7p5k http://t.co/b7P0SPP7FU","1444787501.0"
"@DiverNoth","#Deals #702 http://t.co/mcYPq2wt50 1150X SensoTouch Electric Razor with GyroFlex 2D Men's Shaver New  via eBay_US http://t.co/wsHNj7QbEm","1444787355.0"
"@tonytony2106","Check out this Amazon deal: Braun Series 3-340s Wet &amp; Dry Electric Shaver by Braun http://t.co/gg9xJ512WD via @ amazon","1444787163.0"
"@atoms2bits","Scam alert? Stunning laser shaver banned on #Kickstarter after closing $4M mark http://t.co/I0ShMn098p","1444787131.0"
"@RentaloMool","Deals #395 http://t.co/SJE9MiRBeU ES-ED90 6 in 1 Epilator, Shaver, Foot Care

$128.69
End Date: Friday Oct-23-2015 12:29:29 PDT
Buy It No‚Ä¶","1444786873.0"
"@Jacob_B_Shaver","@JR_Howell_JR She felt the Bern? I think so too.","1444786790.0"
"@Hun_shaver","Every time I leave my phone laying around my friends take 100 pictures üòë","1444786789.0"
"@gregoryknelson",""The Head Shaver's Dance" http://t.co/4DBwSRFj9w @ Sparrow Art Services Co. https://t.co/fQ3bzh8Qgd","1444786602.0"
"@tony3104310413","Ôºà‚âß‚àá‚â¶ÔºâCheck out this Amazon deal: Braun Series 3-340s Wet &amp; Dry Electric Shaver by Braun http://t.co/acyiBFURCS @amazon„Åï„Çì„Åã„Çâ","1444786518.0"
"@Hun_shaver","Whenever I eat popcorn I always try and save the buttery pieces for last","1444786476.0"
"@emily_shaver","RT @CloydRivers: Hillary 2016. Merica.
https://t.co/NpejisFA7d","1444786398.0"
"@joseph_shaver","This makes me so happy  http://t.co/jl5oZydEIC","1444786295.0"
"@Jacob_B_Shaver","@TheDailyShow You look like an asshole now.","1444785665.0"
"@thewritelady","@Jacob_B_Shaver Added your tweet to my @RebelMouse http://t.co/4HOFQm1hMN","1444785664.0"
"@em_shaver","@ykazza obvs the right call","1444785586.0"
"@youarepretty","Panasonic ES-SL41-S Mens Nanotech Wet / Dry Shaver With Free Replacement Blades $85.95 http://t.co/RqTakzceNV","1444785543.0"
"@Jacob_B_Shaver","Despite what the corporate media is saying, THE PEOPLE HAVE SPOKEN! #DemDebate #DebateWithBernie http://t.co/BV7Afwik0c","1444785381.0"
"@MzMelanieNicole","I should be a professional head shaver.","1444785118.0"
"@sandrotame","Philips RQ12/52 SensoTouch 3D Replacement Shaver Head The Original Genuine OEM. http://t.co/gNaoRFAQL2 http://t.co/nPeFKHbpyr","1444785088.0"
"@KalamazooMIrr","Car-pedestrian accident in Portage has Shaver Road partially closed http://t.co/h3rK33Vi2s http://t.co/xLxzUJdbdM","1444785001.0"
"@Jacob_B_Shaver","Although both Clinton and Sanders did very well, I think Sen. Sanders earned the win! #FeelTheBern #DemDebate #DebateWithBernie","1444784961.0"
"@Shahrulism_","@umiehmzh sejak GST diperkenalkan. Tak mampu beli shaver, so biar panjang je janggut ni huhu. Senyuman tu . Em cmne nk ckp ek. Emm jgn laaa","1444784955.0"
"@LilahTovey","Philips Norelco Click  Style YS524 Cordless Rechargeable  Men's Electric Shaver http://t.co/oFzw7vqOMi http://t.co/WFslsx5QzB","1444784878.0"
"@Sedina_790","SEDINA BEAUTY : http://t.co/Uv3QTSTX4k #5663 10x 2 in 1 Shaver Razor Body Nose Hair Remover trimmer Body Groomer ‚Ä¶ http://t.co/ZQ5YFqSnZm","1444784736.0"
"@Sedina_790","SEDINA BEAUTY : http://t.co/0WiWOvK8ej #5663 Back Hair Shaver Mens Grooming Personal Care Do It Yourself Professi‚Ä¶ http://t.co/WrfiRPFPzf","1444784735.0"
"@Sedina_790","SEDINA BEAUTY : http://t.co/87UVE4EGkX #5663 Panasonic Arc Iv Wet And Dry Shaver Health 4 Blades Rechargeable Piv‚Ä¶ http://t.co/PC0XR38utE","1444784734.0"
"@rafictaino","Amir Masour is looking like Erni Shaver","1444784733.0"
"@Sedina_790","SEDINA BEAUTY : http://t.co/FxMrtUIg2e #5663 Men's Electric Back Shaver Mangroomer Pro Shave Shaving Wax Waxing B‚Ä¶ http://t.co/PhmFl3WGYt","1444784730.0"
"@Sedina_790","SEDINA BEAUTY : http://t.co/t758WORNrl #5663 Philips shaver Sensotatchi 2D [2in1] skin care series RQ1187/43.NEW!‚Ä¶ http://t.co/lcxOZjEVKs","1444784729.0"
"@Sedina_790","SEDINA BEAUTY : http://t.co/fcYXeo4wkE #5663 New Panasonic Three Blade Shaver Red ES-ST27-R Japan Skin care musta‚Ä¶ http://t.co/m1UF1R9QPM","1444784727.0"
"@peggy_shaver","Bull! That tiger was beautiful! Much better than the same old safe from Kruzman! #InkMaster","1444784727.0"
"@Sedina_790","SEDINA BEAUTY : http://t.co/RRd2S12Ghc #5663 10X 2in1 Shaver Razor Body Nose Hair Remover Combo Body Groomer Pers‚Ä¶ http://t.co/a6xwJik09E","1444784727.0"
"@Wearehere_19","Deals &amp; Offers : http://t.co/f3xYzdmpFO #87623 Electric Callus Remover Pro Electric Pedicure Skin Shaver Pedi Foo‚Ä¶ http://t.co/FE6TX1XiMv","1444784721.0"
"@tony3104310415","*\(^o^)/*Check out this Amazon deal: Braun Series 3-340s Wet &amp; Dry Electric Shaver by Braun http://t.co/C6SwDjiEUh @ amazon„Åï„Çì„Åã„Çâ","1444784647.0"
"@lucas_shaver","Where are Governer Omalley's eyelashes??? #DemDebate","1444784339.0"
"@Kennedy_Shaver_","RT @Shan_nah_nah: Dear 2015,
     Please discontinue fucking me in the asshole.
Much obliged,
                Your fav victim","1444784196.0"
"@tony3104310415","Ôºº(^o^)ÔºèCheck out this Amazon deal: Braun Series 3-340s Wet &amp; Dry Electric Shaver by Braun http://t.co/C6SwDjiEUh @ amazon„Åï„Çì„Åã„Çâ","1444784162.0"
"@Kennedy_Shaver_","I just want to know why.","1444784133.0"
"@IMHO_my_blog","Zeny Ice Shaver Snow Cone Machine Review #sponsored http://t.co/d22AcBLiAh http://t.co/vqRyCDbx9W","1444784111.0"
"@worksalotathome","Zeny Ice Shaver Snow Cone Machine Review #sponsored http://t.co/y0S6qodqnF http://t.co/PR77znKm58","1444784110.0"
"@tsmith61008","Zeny Ice Shaver Snow Cone Machine Review #sponsored http://t.co/87hdsgPaoE http://t.co/nkpe6kzvRA","1444784109.0"
"@tori_shaver","RT @RelatableQuote: Me as a girlfriend http://t.co/2NH9ojLtnV","1444783986.0"
"@LarkinsLisa1","For the best essential army so that yours shaver: idapreschool: rKYhaNyj","1444783885.0"
"@Kennedy_Shaver_","RT @Dory: Me as a girlfriend http://t.co/DR2NrX2uvk","1444783697.0"
"@sam_shaver","Like i feel like my throat is about to sizzle open #prevtweet","1444783683.0"
"@sam_shaver","I've had heart burn so bad for the past 5 hours I kinda wanna die","1444783649.0"
"@news_michigan","http://t.co/bemqqBNISJ - Car-pedestrian accident in Portage has Shaver Road partially closed http://t.co/npRewgXcDT","1444783561.0"
"@EatonPickard","HUMAN AGGRESSION AND VIOLEN - MARIO MIKULINCER PHILLIP R. SHAVER (HARDCOVER) NEW http://t.co/janal0lIk6 http://t.co/8Qz3DJ9nnC","1444783506.0"
"@Kennedy_Shaver_","RT @kbug004: We're always here to support SHS http://t.co/QxZnaO6qa3","1444783496.0"
"@em_shaver","RT @chrisconsiders: Socialism is just a word. Take a second to actually listen to Bernie's message before you try and discredit him #DemDeb‚Ä¶","1444783470.0"
"@em_shaver","RT @shep689: socialism. is. not. bad. #DemDebate","1444783463.0"
"@sam_shaver","RT @peachpixxie: ok but THOSE ARE TURTLES http://t.co/OJap2VrMu1","1444783431.0"
"@mnishisaka22","Check out Braun 3000 Series InterFace Excel 3612 Cordless Rechargeable Electric Shaver #Braun http://t.co/oPWGMQug5N via @eBay","1444783384.0"
"@tony3104310415","(*^_^*)Check out this Amazon deal: Braun Series 3-340s Wet &amp; Dry Electric Shaver by Braun http://t.co/C6SwDjiEUh @ amazon„Åï„Çì„Åã„Çâ","1444783381.0"
"@MinervaTill","Braun Electric Shaver Epilator Cirque Epiru 7 SE7951 New from JAPAN http://t.co/Sit7SZsu2w http://t.co/aZY5TiW5Ne","1444783332.0"
"@OtoolePriscilla","Clio Palmperfect 3801SSB Cordless Women's Electric Shaver http://t.co/lQsAgwDlBx http://t.co/5ACJjZRiN0","1444783328.0"
"@CourtneyCaroli2","Well-done shaver power pack that designation wise shavers: FHWKLh","1444783250.0"
"@mnishisaka22","Check out Remington Titanium MicroFlex R-960 Rechargeable Men's Electric Shaver - New #Remington http://t.co/9AZhWBzSTa via @eBay","1444782997.0"
"@tony3104310415","Ôºà‚âß‚àá‚â¶ÔºâCheck out this Amazon deal: Braun Series 3-340s Wet &amp; Dry Electric Shaver by Braun http://t.co/C6SwDjiEUh @ amazon„Åï„Çì„Åã„Çâ","1444782904.0"
"@mnishisaka22","Check out Pansonic ES8092 Wet Dry Men's Electric Shaver W/ Charger - Tested -Fast Shipping  http://t.co/iAODuylokt via @eBay","1444782865.0"
"@Deals_25812","Hot Deals : http://t.co/W6ITuWG5m9 #00633 White O2 Care head dentclinic BS-3000 A Toothbrush Shaver sterilizer Sa‚Ä¶ http://t.co/1xqQIP9BcT","1444782830.0"
"@wwmtnews","RT @CheriHardmon: A pedestrian struck by a car at the intersection of Shaver and Westnedge. Portage police on the scene. http://t.co/F51vIh‚Ä¶","1444782800.0"
"@barlondsmith","RT @michigannews: Car-pedestrian accident in Portage has Shaver Road partially closed http://t.co/Z9LJk8mzXT","1444782770.0"
"@michigannews","Car-pedestrian accident in Portage has Shaver Road partially closed http://t.co/Z9LJk8mzXT","1444782724.0"
"@peggy_shaver","#inkchris #promo","1444782713.0"
"@katieesue22","Shit. Something is happening on westnedge and shaver üò≥","1444782698.0"
"@AyyRV","I lost my shaver a week ago *schmoneydance* then i dreamt that i found it last night","1444782679.0"
"@peggy_shaver","RT @Thayer343smith: Chris was always my favorite during the show, and I would love a chance to get ink from Oliver Peck the real tattoo god‚Ä¶","1444782670.0"
"@CheriHardmon","A pedestrian struck by a car at the intersection of Shaver and Westnedge. Portage police on the scene. http://t.co/F51vIho29U","1444782601.0"
"@summer_moran","I miss Jud Shaver","1444782578.0"
"@Ninawa_3trt","DEALS &amp; OFFERS &gt;&gt; http://t.co/X2rrPVjBIy #8021 Panasonic Arc Iv Wet And Dry Shaver Health 4 Blades Rechargeable P‚Ä¶ http://t.co/pIltdWyPwf","1444782461.0"
"@Ninawa_3trt","DEALS &amp; OFFERS &gt;&gt; http://t.co/JRf8wWRcpv #8021 Braun Series 3 330s-4 Electric Shaver (Power Razor Hair Grooming H‚Ä¶ http://t.co/AJ14s3hOEf","1444782458.0"
"@Ninawa_3trt","DEALS &amp; OFFERS &gt;&gt; http://t.co/yozqgHcAoC #8021 Philips Norelco PT724/46 Shaver 3100 Men's Care grooming Beard Ele‚Ä¶ http://t.co/W6HYWJX1z7","1444782457.0"
"@Ninawa_3trt","DEALS &amp; OFFERS &gt;&gt; http://t.co/zFZ9JWkh5m #8021 Panasonic ES-LV96 Ram Dash Men's Shaver 5-Blade Japan Hokkaido men‚Ä¶ http://t.co/1OTBlCyw3H","1444782451.0"
"@Ninawa_3trt","DEALS &amp; OFFERS &gt;&gt; http://t.co/N15L0V6AnI #8021 Back Hair Shaver Mens Grooming Personal Care Do It Yourself Profes‚Ä¶ http://t.co/Oin3XQGYFV","1444782450.0"
"@Solipax_22","Beauty Shop #0749 New Panasonic Three Blade Shaver Red ES-ST27-R Japan Skin care mustache razor New Panasonic Three‚Ä¶ http://t.co/J9ZGUvb1ws","1444781899.0"
"@Solipax_22","Beauty Shop #0749 Back Hair Shaver Mens Grooming Personal Care Do It Yourself Professional Removal Back Hair Shaver‚Ä¶ http://t.co/LcL6IaXMbV","1444781897.0"
"@Solipax_22","Beauty Shop #0749 Philips S9111 Series 9000 Electric Shaver VTrack Prevision Wet&amp;Dry_100-240V CARE Philips S9111 Se‚Ä¶ http://t.co/2bIK725XaI","1444781895.0"
"@Solipax_22","Beauty Shop #0749 Panasonic ES-LV96 Ram Dash Men's Shaver 5-Blade Japan Hokkaido men's beauty Panasonic ES-LV96 Ram‚Ä¶ http://t.co/5XKX88GknE","1444781893.0"
"@Solipax_22","Beauty Shop #0749 10X 2in1 Shaver Razor Body Nose Hair Remover Combo Body Groomer Personal Beauty 10X 2in1 Shaver R‚Ä¶ http://t.co/fqRYhEwORT","1444781892.0"
"@Solipax_22","Beauty Shop #0749 Philips Norelco PT724/46 Shaver 3100 Men's Care grooming Beard Electric Shaving Philips Norelco P‚Ä¶ http://t.co/0Qwz22FkIp","1444781890.0"
"@troy_shaver","excited  https://t.co/JJEUgc1T8k","1444781861.0"
"@MichiganWest","Man struck by car on Shaver Road while jogging http://t.co/3Xjvn24Qyq
 WWMT3","1444781598.0"
"@casandromart","1X New Brand Replacement Shaver Head RQ12 for Philips Norelco SensoTouch 3D Bulk http://t.co/zy72d2O3c6 http://t.co/74wvtVxKBW","1444781509.0"
"@shaver_jay","RT @Way_Things_Work: Look at this for 30 seconds then look at your keyboard and congrats, you're high. http://t.co/h7NHnPzYyq","1444781419.0"
"@gradbautista","1X New Brand Replacement Shaver Head RQ12 for Philips Norelco SensoTouch 3D Bulk http://t.co/U1bmZwokJn http://t.co/0MyOq4oVYR","1444781211.0"
"@gonzalezbasili4","1X New Brand Replacement Shaver Head RQ12 for Philips Norelco SensoTouch 3D Bulk http://t.co/Fdl0Z9k7Gs http://t.co/5K9Q5WyGT6","1444781200.0"
"@Demara_809","Check Today Deals : http://t.co/BhwZOYsoY9 #7918 Panasonic ES-ED90 6 in 1 Epilator, Shaver, Foot Care #8630

$128‚Ä¶ http://t.co/KwMXcqIPco","1444781187.0"
"@elviotol","1X New Brand Replacement Shaver Head RQ12 for Philips Norelco SensoTouch 3D Bulk http://t.co/ymSZXmHcXK http://t.co/Gie30W7QJs","1444781070.0"
"@cidmolinacid","1X New Brand Replacement Shaver Head RQ12 for Philips Norelco SensoTouch 3D Bulk http://t.co/XjJwA7t9iW http://t.co/IZpNTD3xbH","1444780833.0"
"@forcenayax","1X New Brand Replacement Shaver Head RQ12 for Philips Norelco SensoTouch 3D Bulk http://t.co/q0zNuyj0so http://t.co/97pjyv9G3y","1444780824.0"
"@lyn_fragan","1X New Brand Replacement Shaver Head RQ12 for Philips Norelco SensoTouch 3D Bulk http://t.co/X6awWxOS5s http://t.co/Yr6ziCXGAe","1444780822.0"
"@fabregasatilio3","1X New Brand Replacement Shaver Head RQ12 for Philips Norelco SensoTouch 3D Bulk http://t.co/Bfo3Z0s0UA http://t.co/3rKvpFrxec","1444780715.0"
"@Christiep9154","RT @OntariosDoctors: Dr. Charles Shaver: Party leaders must tackle health file w a sense of urgency http://t.co/UKZN5CjEL0 #carenotcuts  ht‚Ä¶","1444780694.0"
"@fuentebaco","1X New Brand Replacement Shaver Head RQ12 for Philips Norelco SensoTouch 3D Bulk http://t.co/EbbXfxQhgs http://t.co/CwPM3WeGxs","1444780634.0"
"@sandrotame","1X New Brand Replacement Shaver Head RQ12 for Philips Norelco SensoTouch 3D Bulk http://t.co/21hCgJCS9j http://t.co/NVjri3FcwA","1444780620.0"
"@fareauberto4","1X New Brand Replacement Shaver Head RQ12 for Philips Norelco SensoTouch 3D Bulk http://t.co/pNCbGi5WWO http://t.co/6KGBsLwTu9","1444780613.0"
"@celemestas","1X New Brand Replacement Shaver Head RQ12 for Philips Norelco SensoTouch 3D Bulk http://t.co/EAYYe5R5Kq http://t.co/vbbSjj1pPE","1444780613.0"
"@estef_yan","1X New Brand Replacement Shaver Head RQ12 for Philips Norelco SensoTouch 3D Bulk http://t.co/s3qiOLiIeS http://t.co/94RIrT2bM9","1444780612.0"
"@expositoatila","1X New Brand Replacement Shaver Head RQ12 for Philips Norelco SensoTouch 3D Bulk http://t.co/JKKcSg4TT6 http://t.co/kesdB5QCUm","1444780610.0"
"@sordoeli","1X New Brand Replacement Shaver Head RQ12 for Philips Norelco SensoTouch 3D Bulk http://t.co/psrye8BiTh http://t.co/2Uj9fBy7wU","1444780607.0"
"@eleodosob","1X New Brand Replacement Shaver Head RQ12 for Philips Norelco SensoTouch 3D Bulk http://t.co/DAHz8piRf4 http://t.co/cNZLYzh03Y","1444780565.0"
"@escu_vill","1X New Brand Replacement Shaver Head RQ12 for Philips Norelco SensoTouch 3D Bulk http://t.co/mE0dLJlSJK http://t.co/xWlq0ltSx7","1444780563.0"
"@berardohy","1X New Brand Replacement Shaver Head RQ12 for Philips Norelco SensoTouch 3D Bulk http://t.co/rEXkHjA95h http://t.co/7UFk7rvAly","1444780557.0"
"@smithelenio","1X New Brand Replacement Shaver Head RQ12 for Philips Norelco SensoTouch 3D Bulk http://t.co/E3F4jDGIxG http://t.co/UA6nzwooQg","1444780555.0"
"@pinecustodi","1X New Brand Replacement Shaver Head RQ12 for Philips Norelco SensoTouch 3D Bulk http://t.co/fHgEba82Ri http://t.co/5Djy7VBBMx","1444780553.0"
"@dana_shaver","Wanting some butternut squash soup rn","1444780521.0"
"@erne_vic","1X New Brand Replacement Shaver Head RQ12 for Philips Norelco SensoTouch 3D Bulk http://t.co/ze7OJcpUKM http://t.co/tK51aF5e1b","1444780495.0"
"@penalvacrisost5","1X New Brand Replacement Shaver Head RQ12 for Philips Norelco SensoTouch 3D Bulk http://t.co/FZuoNnpsPH http://t.co/sZIBm0uzcs","1444780429.0"
"@enochvall","1X New Brand Replacement Shaver Head RQ12 for Philips Norelco SensoTouch 3D Bulk http://t.co/cYYPjE8q39 http://t.co/k9YEmYVHzk","1444780414.0"
"@AsToldByIjeoma","I take forever in the shower. I'm such a slow shaver.","1444780367.0"
"@WOODTV","Portage DPS asking drivers to avoid intersection of S. Westnedge/Shaver after car-pedestrian crash. No further details right now.","1444780347.0"
"@danipried","1X New Brand Replacement Shaver Head RQ12 for Philips Norelco SensoTouch 3D Bulk http://t.co/ML7igs1DEb http://t.co/AzgNEAKAdh","1444780347.0"
"@crisogped","1X New Brand Replacement Shaver Head RQ12 for Philips Norelco SensoTouch 3D Bulk http://t.co/BuTOuAEEh0 http://t.co/ZZb4iItepP","1444780334.0"
"@NovelsHOTBTRytu","Andrew Shaver v√≠a Twitter.

"Watson drilling his military cane. @jamesmaslow @SherlockTour #techweek"... http://t.co/mq1elF8ma8","1444780330.0"
"@clemorot","1X New Brand Replacement Shaver Head RQ12 for Philips Norelco SensoTouch 3D Bulk http://t.co/bkc7lRuQw9 http://t.co/heH9SYuSdc","1444780282.0"
"@Kalamazoo_WMU","Car-pedestrian accident in Portage has Shaver Road partially closed http://t.co/sBHXtFxKoY #kalamazoo","1444780263.0"
"@constaotero","1X New Brand Replacement Shaver Head RQ12 for Philips Norelco SensoTouch 3D Bulk http://t.co/tCbILGzilh http://t.co/fNL94NpheK","1444780258.0"
"@herrerobenigno3","1X New Brand Replacement Shaver Head RQ12 for Philips Norelco SensoTouch 3D Bulk http://t.co/g3QNj2AMEE http://t.co/Sm7teQq64T","1444780255.0"
"@colobermbi","1X New Brand Replacement Shaver Head RQ12 for Philips Norelco SensoTouch 3D Bulk http://t.co/q8JsFbtu2B http://t.co/SZwgtDe3qE","1444780155.0"
"@gillianrowlins1","1X New Brand Replacement Shaver Head RQ12 for Philips Norelco SensoTouch 3D Bulk http://t.co/PMB9wM1EKo http://t.co/ac07a2CKfp","1444780155.0"
"@hellaluigi","Here's hoping santa brings me a wahl 5 star senior and a wahl shaver! Been pining for them so long.","1444779994.0"
"@chicoloco1950","Scam alert? Stunning laser shaver banned on Kickstarter after closing $4M mark http://t.co/dO8TxSjauz via @BGR","1444779851.0"
"@NewsMichigan","KZOO ‚Äî Car-pedestrian accident in Portage has Shaver Road partially closed http://t.co/RXFjdcF6Hn #news","1444779814.0"
"@_flxcko","i went to school with a hard shaver üÖ±üòà","1444779746.0"
"@InjurylawyerMI","RT @Kzoo_Gazette: Car-pedestrian accident in Portage has Shaver Road partially closed: http://t.co/LPMqKTFdqq","1444779705.0"
"@Kzoo_Gazette","Car-pedestrian accident in Portage has Shaver Road partially closed: http://t.co/LPMqKTFdqq","1444779673.0"
"@tori_shaver","@mtthewevan of course üòä","1444779199.0"
"@saam_maay","@troy_shaver üòîüòîüòîüòî","1444779139.0"
"@Joey_Ciacchi","Brad Shaver actually has an iPhone now, my world is flipped upside down","1444779017.0"
"@dmackdaddy",""Scam alert? Stunning laser shaver banned on Kickstarter after closing $4M mark" http://t.co/oAfAth54D5","1444778955.0"
"@sightas","@sightas THIS BOY SHAVED. HIS. FUCKING. EDGES. OFF. WITH A DISPOSABLE SHAVER","1444778720.0"
"@YoubidderBurt","Free Ebay Sniping RT‚Ü∫ http://t.co/KnKOO3WHjS Philips Norelco Qg333042 Multigroom Cordless Rechargeable  Men's Electric Sh ‚Ü∫Please Fa","1444778705.0"
"@YoubidderBurt","Last Second OutBid RT‚Ü∫ http://t.co/euYoM6R6to Philips Norelco 1255x Sensotouch 3d Electric Shaver, Black ‚Ü∫Please Favorite &amp; Share","1444778676.0"
"@NShadbolt","RT @OntariosDoctors: Dr. Charles Shaver: Party leaders must tackle health file w a sense of urgency http://t.co/UKZN5CjEL0 #carenotcuts  ht‚Ä¶","1444778645.0"
"@troy_shaver","@saam_maay oh FUCCCCCCCCK NOOOO","1444778598.0"
"@JODEE_X","@Aaron_Fell a shaver","1444778588.0"
"@fakegoId","RT @808MetroUzi: 10K on my Versace nut hair shaver","1444778480.0"
"@shaver_summer","I am going to invest all of my money in trader joes.... #it'sofficial","1444778420.0"
"@shaver_summer","#lessonlearned","1444778337.0"
"@shaver_jay","RT @TEDTalks: Let puppies teach you complexity theory: http://t.co/WsSY3WV1a4 http://t.co/DsOTQIaRTo","1444778305.0"
"@damasopo","Philips Norelco 1190X/46 E W/O BOX Shaver 6800 http://t.co/9B1Htdxwgn http://t.co/suAZUCZAr0","1444778129.0"
"@mtthewevan","@tori_shaver hope it brightened your night babe ‚ò∫Ô∏è","1444777868.0"
"@Jake__Shaver","@brookey_babyy it's a dirty job but someone's gotta do it!","1444777776.0"
"@908_503","Last Second OutBid RT‚Ü∫ http://t.co/7VEpXLElh9 New Rechargeable Smooth Women's Body &amp; Bikini Kit Mini Shaver Trimmer Wet /  ‚Ü∫Please F","1444777739.0"
"@faith_shaver","The amount of bruises I have from cheer is ridiculous.","1444777661.0"
"@troy_shaver","now I can c why u stressed","1444777644.0"
"@SavingAustralia","Electric shavers on sale at Shaver Shop. http://t.co/1u9urNIDoJ #bargains","1444777444.0"
"@Tech_Minute","Scam alert? Stunning laser shaver banned on Kickstarter after closing $4M mark http://t.co/FraULrRg5q","1444777426.0"
"@Tech_Minute","Jorge R Ruiz: Scam alert? Stunning laser shaver banned on Kickstarter after closing $4M mark: An ... http://t.co/2GCtHUniMk @Tech_Minute","1444777417.0"
"@tori_shaver","so @mtthewevan surprised me at work with these üíïüòçüò´üòΩüíã http://t.co/Q5bjEcwX7z","1444777323.0"
"@CourtneyCaroli2","Plurative shaver gull wing that earnings sortable shavers: HbjDyj","1444777277.0"
"@EMobileAUS","Scam alert? Stunning laser shaver banned on Kickstarter after closing $4M mark http://t.co/kKo8nr7bZr","1444777197.0"
"@Ally_Shaver","RT @reIatabIe: Random guy: ‚ÄúSmile, girl. Lookin‚Äô all mean.‚Äù

Me: http://t.co/T4PeHbxnT8","1444777128.0"
"@Jake__Shaver","@brookey_babyy I wish I could! I gotta be up early tomorrow! üòÅ","1444776958.0"
"@StacyKae","Stefan Salvatore orrrrrrr Alec Shaver cuzzzzz they're basically the same.","1444776955.0"
"@ImranMukhlis1","Uiii....ada shaver bru... em em em","1444776764.0"
"@BarbChidley","Mr. Shaver is certainly fulfilling expectations for student engagement! üòÄ http://t.co/iLEzuQSuTU","1444776566.0"
"@Jake__Shaver","I've never wished I moved out more than I do tonight. üòí","1444776552.0"
